--
-- PostgreSQL database cluster dump
--

SET default_transaction_read_only = off;

SET client_encoding = 'UTF8';
SET standard_conforming_strings = on;

--
-- Drop databases (except postgres and template1)
--





--
-- Drop roles
--

DROP ROLE postgres;


--
-- Roles
--

CREATE ROLE postgres;
ALTER ROLE postgres WITH SUPERUSER INHERIT CREATEROLE CREATEDB LOGIN REPLICATION BYPASSRLS PASSWORD 'md53175bce1d3201d16594cebf9d7eb3f9d';






--
-- Databases
--

--
-- Database "template1" dump
--

--
-- PostgreSQL database dump
--

-- Dumped from database version 13.0
-- Dumped by pg_dump version 13.0

SET statement_timeout = 0;
SET lock_timeout = 0;
SET idle_in_transaction_session_timeout = 0;
SET client_encoding = 'UTF8';
SET standard_conforming_strings = on;
SELECT pg_catalog.set_config('search_path', '', false);
SET check_function_bodies = false;
SET xmloption = content;
SET client_min_messages = warning;
SET row_security = off;

UPDATE pg_catalog.pg_database SET datistemplate = false WHERE datname = 'template1';
DROP DATABASE template1;
--
-- Name: template1; Type: DATABASE; Schema: -; Owner: postgres
--

CREATE DATABASE template1 WITH TEMPLATE = template0 ENCODING = 'UTF8' LOCALE = 'en_US.utf8';


ALTER DATABASE template1 OWNER TO postgres;

\connect template1

SET statement_timeout = 0;
SET lock_timeout = 0;
SET idle_in_transaction_session_timeout = 0;
SET client_encoding = 'UTF8';
SET standard_conforming_strings = on;
SELECT pg_catalog.set_config('search_path', '', false);
SET check_function_bodies = false;
SET xmloption = content;
SET client_min_messages = warning;
SET row_security = off;

--
-- Name: DATABASE template1; Type: COMMENT; Schema: -; Owner: postgres
--

COMMENT ON DATABASE template1 IS 'default template for new databases';


--
-- Name: template1; Type: DATABASE PROPERTIES; Schema: -; Owner: postgres
--

ALTER DATABASE template1 IS_TEMPLATE = true;


\connect template1

SET statement_timeout = 0;
SET lock_timeout = 0;
SET idle_in_transaction_session_timeout = 0;
SET client_encoding = 'UTF8';
SET standard_conforming_strings = on;
SELECT pg_catalog.set_config('search_path', '', false);
SET check_function_bodies = false;
SET xmloption = content;
SET client_min_messages = warning;
SET row_security = off;

--
-- Name: DATABASE template1; Type: ACL; Schema: -; Owner: postgres
--

REVOKE CONNECT,TEMPORARY ON DATABASE template1 FROM PUBLIC;
GRANT CONNECT ON DATABASE template1 TO PUBLIC;


--
-- PostgreSQL database dump complete
--

--
-- Database "postgres" dump
--

--
-- PostgreSQL database dump
--

-- Dumped from database version 13.0
-- Dumped by pg_dump version 13.0

SET statement_timeout = 0;
SET lock_timeout = 0;
SET idle_in_transaction_session_timeout = 0;
SET client_encoding = 'UTF8';
SET standard_conforming_strings = on;
SELECT pg_catalog.set_config('search_path', '', false);
SET check_function_bodies = false;
SET xmloption = content;
SET client_min_messages = warning;
SET row_security = off;

DROP DATABASE postgres;
--
-- Name: postgres; Type: DATABASE; Schema: -; Owner: postgres
--

CREATE DATABASE postgres WITH TEMPLATE = template0 ENCODING = 'UTF8' LOCALE = 'en_US.utf8';


ALTER DATABASE postgres OWNER TO postgres;

\connect postgres

SET statement_timeout = 0;
SET lock_timeout = 0;
SET idle_in_transaction_session_timeout = 0;
SET client_encoding = 'UTF8';
SET standard_conforming_strings = on;
SELECT pg_catalog.set_config('search_path', '', false);
SET check_function_bodies = false;
SET xmloption = content;
SET client_min_messages = warning;
SET row_security = off;

--
-- Name: DATABASE postgres; Type: COMMENT; Schema: -; Owner: postgres
--

COMMENT ON DATABASE postgres IS 'default administrative connection database';


SET default_tablespace = '';

SET default_table_access_method = heap;

--
-- Name: auth_group; Type: TABLE; Schema: public; Owner: postgres
--

CREATE TABLE public.auth_group (
    id integer NOT NULL,
    name character varying(150) NOT NULL
);


ALTER TABLE public.auth_group OWNER TO postgres;

--
-- Name: auth_group_id_seq; Type: SEQUENCE; Schema: public; Owner: postgres
--

ALTER TABLE public.auth_group ALTER COLUMN id ADD GENERATED BY DEFAULT AS IDENTITY (
    SEQUENCE NAME public.auth_group_id_seq
    START WITH 1
    INCREMENT BY 1
    NO MINVALUE
    NO MAXVALUE
    CACHE 1
);


--
-- Name: auth_group_permissions; Type: TABLE; Schema: public; Owner: postgres
--

CREATE TABLE public.auth_group_permissions (
    id bigint NOT NULL,
    group_id integer NOT NULL,
    permission_id integer NOT NULL
);


ALTER TABLE public.auth_group_permissions OWNER TO postgres;

--
-- Name: auth_group_permissions_id_seq; Type: SEQUENCE; Schema: public; Owner: postgres
--

ALTER TABLE public.auth_group_permissions ALTER COLUMN id ADD GENERATED BY DEFAULT AS IDENTITY (
    SEQUENCE NAME public.auth_group_permissions_id_seq
    START WITH 1
    INCREMENT BY 1
    NO MINVALUE
    NO MAXVALUE
    CACHE 1
);


--
-- Name: auth_permission; Type: TABLE; Schema: public; Owner: postgres
--

CREATE TABLE public.auth_permission (
    id integer NOT NULL,
    name character varying(255) NOT NULL,
    content_type_id integer NOT NULL,
    codename character varying(100) NOT NULL
);


ALTER TABLE public.auth_permission OWNER TO postgres;

--
-- Name: auth_permission_id_seq; Type: SEQUENCE; Schema: public; Owner: postgres
--

ALTER TABLE public.auth_permission ALTER COLUMN id ADD GENERATED BY DEFAULT AS IDENTITY (
    SEQUENCE NAME public.auth_permission_id_seq
    START WITH 1
    INCREMENT BY 1
    NO MINVALUE
    NO MAXVALUE
    CACHE 1
);


--
-- Name: authtoken_token; Type: TABLE; Schema: public; Owner: postgres
--

CREATE TABLE public.authtoken_token (
    key character varying(40) NOT NULL,
    created timestamp with time zone NOT NULL,
    user_id bigint NOT NULL
);


ALTER TABLE public.authtoken_token OWNER TO postgres;

--
-- Name: django_admin_log; Type: TABLE; Schema: public; Owner: postgres
--

CREATE TABLE public.django_admin_log (
    id integer NOT NULL,
    action_time timestamp with time zone NOT NULL,
    object_id text,
    object_repr character varying(200) NOT NULL,
    action_flag smallint NOT NULL,
    change_message text NOT NULL,
    content_type_id integer,
    user_id bigint NOT NULL,
    CONSTRAINT django_admin_log_action_flag_check CHECK ((action_flag >= 0))
);


ALTER TABLE public.django_admin_log OWNER TO postgres;

--
-- Name: django_admin_log_id_seq; Type: SEQUENCE; Schema: public; Owner: postgres
--

ALTER TABLE public.django_admin_log ALTER COLUMN id ADD GENERATED BY DEFAULT AS IDENTITY (
    SEQUENCE NAME public.django_admin_log_id_seq
    START WITH 1
    INCREMENT BY 1
    NO MINVALUE
    NO MAXVALUE
    CACHE 1
);


--
-- Name: django_content_type; Type: TABLE; Schema: public; Owner: postgres
--

CREATE TABLE public.django_content_type (
    id integer NOT NULL,
    app_label character varying(100) NOT NULL,
    model character varying(100) NOT NULL
);


ALTER TABLE public.django_content_type OWNER TO postgres;

--
-- Name: django_content_type_id_seq; Type: SEQUENCE; Schema: public; Owner: postgres
--

ALTER TABLE public.django_content_type ALTER COLUMN id ADD GENERATED BY DEFAULT AS IDENTITY (
    SEQUENCE NAME public.django_content_type_id_seq
    START WITH 1
    INCREMENT BY 1
    NO MINVALUE
    NO MAXVALUE
    CACHE 1
);


--
-- Name: django_migrations; Type: TABLE; Schema: public; Owner: postgres
--

CREATE TABLE public.django_migrations (
    id bigint NOT NULL,
    app character varying(255) NOT NULL,
    name character varying(255) NOT NULL,
    applied timestamp with time zone NOT NULL
);


ALTER TABLE public.django_migrations OWNER TO postgres;

--
-- Name: django_migrations_id_seq; Type: SEQUENCE; Schema: public; Owner: postgres
--

ALTER TABLE public.django_migrations ALTER COLUMN id ADD GENERATED BY DEFAULT AS IDENTITY (
    SEQUENCE NAME public.django_migrations_id_seq
    START WITH 1
    INCREMENT BY 1
    NO MINVALUE
    NO MAXVALUE
    CACHE 1
);


--
-- Name: django_session; Type: TABLE; Schema: public; Owner: postgres
--

CREATE TABLE public.django_session (
    session_key character varying(40) NOT NULL,
    session_data text NOT NULL,
    expire_date timestamp with time zone NOT NULL
);


ALTER TABLE public.django_session OWNER TO postgres;

--
-- Name: events_city; Type: TABLE; Schema: public; Owner: postgres
--

CREATE TABLE public.events_city (
    id bigint NOT NULL,
    name character varying(200) NOT NULL
);


ALTER TABLE public.events_city OWNER TO postgres;

--
-- Name: events_city_id_seq; Type: SEQUENCE; Schema: public; Owner: postgres
--

ALTER TABLE public.events_city ALTER COLUMN id ADD GENERATED BY DEFAULT AS IDENTITY (
    SEQUENCE NAME public.events_city_id_seq
    START WITH 1
    INCREMENT BY 1
    NO MINVALUE
    NO MAXVALUE
    CACHE 1
);


--
-- Name: events_event; Type: TABLE; Schema: public; Owner: postgres
--

CREATE TABLE public.events_event (
    id bigint NOT NULL,
    title character varying(200) NOT NULL,
    description text NOT NULL,
    url character varying(200) NOT NULL,
    image character varying(100) NOT NULL,
    program text NOT NULL,
    organizer character varying(100) NOT NULL,
    partners character varying(200) NOT NULL,
    address character varying(200) NOT NULL,
    price numeric(8,2) NOT NULL,
    created_at timestamp with time zone NOT NULL,
    author_id bigint NOT NULL,
    city_id bigint,
    date_start timestamp with time zone NOT NULL,
    date_end timestamp with time zone NOT NULL,
    image_small character varying(100) NOT NULL
);


ALTER TABLE public.events_event OWNER TO postgres;

--
-- Name: events_event_format; Type: TABLE; Schema: public; Owner: postgres
--

CREATE TABLE public.events_event_format (
    id bigint NOT NULL,
    event_id bigint NOT NULL,
    format_id bigint NOT NULL
);


ALTER TABLE public.events_event_format OWNER TO postgres;

--
-- Name: events_event_format_id_seq; Type: SEQUENCE; Schema: public; Owner: postgres
--

ALTER TABLE public.events_event_format ALTER COLUMN id ADD GENERATED BY DEFAULT AS IDENTITY (
    SEQUENCE NAME public.events_event_format_id_seq
    START WITH 1
    INCREMENT BY 1
    NO MINVALUE
    NO MAXVALUE
    CACHE 1
);


--
-- Name: events_event_id_seq; Type: SEQUENCE; Schema: public; Owner: postgres
--

ALTER TABLE public.events_event ALTER COLUMN id ADD GENERATED BY DEFAULT AS IDENTITY (
    SEQUENCE NAME public.events_event_id_seq
    START WITH 1
    INCREMENT BY 1
    NO MINVALUE
    NO MAXVALUE
    CACHE 1
);


--
-- Name: events_event_tags; Type: TABLE; Schema: public; Owner: postgres
--

CREATE TABLE public.events_event_tags (
    id bigint NOT NULL,
    event_id bigint NOT NULL,
    tags_id bigint NOT NULL
);


ALTER TABLE public.events_event_tags OWNER TO postgres;

--
-- Name: events_event_tags_id_seq; Type: SEQUENCE; Schema: public; Owner: postgres
--

ALTER TABLE public.events_event_tags ALTER COLUMN id ADD GENERATED BY DEFAULT AS IDENTITY (
    SEQUENCE NAME public.events_event_tags_id_seq
    START WITH 1
    INCREMENT BY 1
    NO MINVALUE
    NO MAXVALUE
    CACHE 1
);


--
-- Name: events_event_topic; Type: TABLE; Schema: public; Owner: postgres
--

CREATE TABLE public.events_event_topic (
    id bigint NOT NULL,
    event_id bigint NOT NULL,
    topic_id bigint NOT NULL
);


ALTER TABLE public.events_event_topic OWNER TO postgres;

--
-- Name: events_event_topic_id_seq; Type: SEQUENCE; Schema: public; Owner: postgres
--

ALTER TABLE public.events_event_topic ALTER COLUMN id ADD GENERATED BY DEFAULT AS IDENTITY (
    SEQUENCE NAME public.events_event_topic_id_seq
    START WITH 1
    INCREMENT BY 1
    NO MINVALUE
    NO MAXVALUE
    CACHE 1
);


--
-- Name: events_favourite; Type: TABLE; Schema: public; Owner: postgres
--

CREATE TABLE public.events_favourite (
    id bigint NOT NULL,
    event_id bigint NOT NULL,
    user_id bigint NOT NULL
);


ALTER TABLE public.events_favourite OWNER TO postgres;

--
-- Name: events_favourite_id_seq; Type: SEQUENCE; Schema: public; Owner: postgres
--

ALTER TABLE public.events_favourite ALTER COLUMN id ADD GENERATED BY DEFAULT AS IDENTITY (
    SEQUENCE NAME public.events_favourite_id_seq
    START WITH 1
    INCREMENT BY 1
    NO MINVALUE
    NO MAXVALUE
    CACHE 1
);


--
-- Name: events_format; Type: TABLE; Schema: public; Owner: postgres
--

CREATE TABLE public.events_format (
    id bigint NOT NULL,
    name character varying(200) NOT NULL,
    slug character varying(100) NOT NULL
);


ALTER TABLE public.events_format OWNER TO postgres;

--
-- Name: events_format_id_seq; Type: SEQUENCE; Schema: public; Owner: postgres
--

ALTER TABLE public.events_format ALTER COLUMN id ADD GENERATED BY DEFAULT AS IDENTITY (
    SEQUENCE NAME public.events_format_id_seq
    START WITH 1
    INCREMENT BY 1
    NO MINVALUE
    NO MAXVALUE
    CACHE 1
);


--
-- Name: events_tags; Type: TABLE; Schema: public; Owner: postgres
--

CREATE TABLE public.events_tags (
    id bigint NOT NULL,
    name character varying(200) NOT NULL,
    slug character varying(100) NOT NULL
);


ALTER TABLE public.events_tags OWNER TO postgres;

--
-- Name: events_tags_id_seq; Type: SEQUENCE; Schema: public; Owner: postgres
--

ALTER TABLE public.events_tags ALTER COLUMN id ADD GENERATED BY DEFAULT AS IDENTITY (
    SEQUENCE NAME public.events_tags_id_seq
    START WITH 1
    INCREMENT BY 1
    NO MINVALUE
    NO MAXVALUE
    CACHE 1
);


--
-- Name: events_topic; Type: TABLE; Schema: public; Owner: postgres
--

CREATE TABLE public.events_topic (
    id bigint NOT NULL,
    name character varying(200) NOT NULL,
    slug character varying(100) NOT NULL
);


ALTER TABLE public.events_topic OWNER TO postgres;

--
-- Name: events_topic_id_seq; Type: SEQUENCE; Schema: public; Owner: postgres
--

ALTER TABLE public.events_topic ALTER COLUMN id ADD GENERATED BY DEFAULT AS IDENTITY (
    SEQUENCE NAME public.events_topic_id_seq
    START WITH 1
    INCREMENT BY 1
    NO MINVALUE
    NO MAXVALUE
    CACHE 1
);


--
-- Name: users_organisation; Type: TABLE; Schema: public; Owner: postgres
--

CREATE TABLE public.users_organisation (
    id bigint NOT NULL,
    name character varying(200) NOT NULL,
    manager_id bigint NOT NULL
);


ALTER TABLE public.users_organisation OWNER TO postgres;

--
-- Name: users_organisation_id_seq; Type: SEQUENCE; Schema: public; Owner: postgres
--

ALTER TABLE public.users_organisation ALTER COLUMN id ADD GENERATED BY DEFAULT AS IDENTITY (
    SEQUENCE NAME public.users_organisation_id_seq
    START WITH 1
    INCREMENT BY 1
    NO MINVALUE
    NO MAXVALUE
    CACHE 1
);


--
-- Name: users_user; Type: TABLE; Schema: public; Owner: postgres
--

CREATE TABLE public.users_user (
    id bigint NOT NULL,
    password character varying(128) NOT NULL,
    last_login timestamp with time zone,
    is_superuser boolean NOT NULL,
    username character varying(150) NOT NULL,
    first_name character varying(150) NOT NULL,
    last_name character varying(150) NOT NULL,
    email character varying(254) NOT NULL,
    is_staff boolean NOT NULL,
    is_active boolean NOT NULL,
    date_joined timestamp with time zone NOT NULL,
    role character varying(10) NOT NULL,
    profile_photo character varying(100) NOT NULL
);


ALTER TABLE public.users_user OWNER TO postgres;

--
-- Name: users_user_groups; Type: TABLE; Schema: public; Owner: postgres
--

CREATE TABLE public.users_user_groups (
    id bigint NOT NULL,
    user_id bigint NOT NULL,
    group_id integer NOT NULL
);


ALTER TABLE public.users_user_groups OWNER TO postgres;

--
-- Name: users_user_groups_id_seq; Type: SEQUENCE; Schema: public; Owner: postgres
--

ALTER TABLE public.users_user_groups ALTER COLUMN id ADD GENERATED BY DEFAULT AS IDENTITY (
    SEQUENCE NAME public.users_user_groups_id_seq
    START WITH 1
    INCREMENT BY 1
    NO MINVALUE
    NO MAXVALUE
    CACHE 1
);


--
-- Name: users_user_id_seq; Type: SEQUENCE; Schema: public; Owner: postgres
--

ALTER TABLE public.users_user ALTER COLUMN id ADD GENERATED BY DEFAULT AS IDENTITY (
    SEQUENCE NAME public.users_user_id_seq
    START WITH 1
    INCREMENT BY 1
    NO MINVALUE
    NO MAXVALUE
    CACHE 1
);


--
-- Name: users_user_user_permissions; Type: TABLE; Schema: public; Owner: postgres
--

CREATE TABLE public.users_user_user_permissions (
    id bigint NOT NULL,
    user_id bigint NOT NULL,
    permission_id integer NOT NULL
);


ALTER TABLE public.users_user_user_permissions OWNER TO postgres;

--
-- Name: users_user_user_permissions_id_seq; Type: SEQUENCE; Schema: public; Owner: postgres
--

ALTER TABLE public.users_user_user_permissions ALTER COLUMN id ADD GENERATED BY DEFAULT AS IDENTITY (
    SEQUENCE NAME public.users_user_user_permissions_id_seq
    START WITH 1
    INCREMENT BY 1
    NO MINVALUE
    NO MAXVALUE
    CACHE 1
);


--
-- Data for Name: auth_group; Type: TABLE DATA; Schema: public; Owner: postgres
--

COPY public.auth_group (id, name) FROM stdin;
\.


--
-- Data for Name: auth_group_permissions; Type: TABLE DATA; Schema: public; Owner: postgres
--

COPY public.auth_group_permissions (id, group_id, permission_id) FROM stdin;
\.


--
-- Data for Name: auth_permission; Type: TABLE DATA; Schema: public; Owner: postgres
--

COPY public.auth_permission (id, name, content_type_id, codename) FROM stdin;
57	Can add Организация	15	add_organisation
58	Can change Организация	15	change_organisation
59	Can delete Организация	15	delete_organisation
60	Can view Организация	15	view_organisation
1	Can add log entry	1	add_logentry
2	Can change log entry	1	change_logentry
3	Can delete log entry	1	delete_logentry
4	Can view log entry	1	view_logentry
5	Can add permission	2	add_permission
6	Can change permission	2	change_permission
7	Can delete permission	2	delete_permission
8	Can view permission	2	view_permission
9	Can add group	3	add_group
10	Can change group	3	change_group
11	Can delete group	3	delete_group
12	Can view group	3	view_group
13	Can add content type	4	add_contenttype
14	Can change content type	4	change_contenttype
15	Can delete content type	4	delete_contenttype
16	Can view content type	4	view_contenttype
17	Can add session	5	add_session
18	Can change session	5	change_session
19	Can delete session	5	delete_session
20	Can view session	5	view_session
21	Can add Token	6	add_token
22	Can change Token	6	change_token
23	Can delete Token	6	delete_token
24	Can view Token	6	view_token
25	Can add token	7	add_tokenproxy
26	Can change token	7	change_tokenproxy
27	Can delete token	7	delete_tokenproxy
28	Can view token	7	view_tokenproxy
29	Can add Пользователь	8	add_user
30	Can change Пользователь	8	change_user
31	Can delete Пользователь	8	delete_user
32	Can view Пользователь	8	view_user
33	Can add Город	9	add_city
34	Can change Город	9	change_city
35	Can delete Город	9	delete_city
36	Can view Город	9	view_city
37	Can add Формат	10	add_format
38	Can change Формат	10	change_format
39	Can delete Формат	10	delete_format
40	Can view Формат	10	view_format
41	Can add Тэг	11	add_tags
42	Can change Тэг	11	change_tags
43	Can delete Тэг	11	delete_tags
44	Can view Тэг	11	view_tags
45	Can add Топик	12	add_topic
46	Can change Топик	12	change_topic
47	Can delete Топик	12	delete_topic
48	Can view Топик	12	view_topic
49	Can add Событие	13	add_event
50	Can change Событие	13	change_event
51	Can delete Событие	13	delete_event
52	Can view Событие	13	view_event
53	Can add Избранное	14	add_favourite
54	Can change Избранное	14	change_favourite
55	Can delete Избранное	14	delete_favourite
56	Can view Избранное	14	view_favourite
\.


--
-- Data for Name: authtoken_token; Type: TABLE DATA; Schema: public; Owner: postgres
--

COPY public.authtoken_token (key, created, user_id) FROM stdin;
\.


--
-- Data for Name: django_admin_log; Type: TABLE DATA; Schema: public; Owner: postgres
--

COPY public.django_admin_log (id, action_time, object_id, object_repr, action_flag, change_message, content_type_id, user_id) FROM stdin;
1	2023-06-08 23:35:52.988267+00	5	asd	1	[{"added": {}}]	13	2
2	2023-06-08 23:36:00.568213+00	5	asd	3		13	2
3	2023-06-09 12:14:55.26532+00	21	Бердск	1	[{"added": {}}]	9	2
4	2023-06-09 12:18:13.697018+00	22	game-mechanics	1	[{"added": {}}]	11	2
5	2023-06-09 12:18:49.730685+00	23	game-design	1	[{"added": {}}]	11	2
6	2023-06-09 12:19:16.028699+00	24	animation	1	[{"added": {}}]	11	2
7	2023-06-09 12:19:36.122765+00	25	game-industry	1	[{"added": {}}]	11	2
8	2023-06-09 12:22:16.207954+00	6	GAMEDEV WEEKEND	1	[{"added": {}}]	13	2
9	2023-06-09 12:23:06.679209+00	6	GAMEDEV WEEKEND	2	[{"changed": {"fields": ["\\u0414\\u0430\\u0442\\u0430 \\u0438 \\u0432\\u0440\\u0435\\u043c\\u044f \\u043d\\u0430\\u0447\\u0430\\u043b\\u0430", "\\u0414\\u0430\\u0442\\u0430 \\u0438 \\u0432\\u0440\\u0435\\u043c\\u044f \\u043e\\u043a\\u043e\\u043d\\u0447\\u0430\\u043d\\u0438\\u044f"]}}]	13	2
10	2023-06-09 12:23:39.12716+00	4	Вторая ежегодная конференция ITSMIR 2023 «ИT-суверенитет: мифы и реальность»	2	[{"changed": {"fields": ["\\u041e\\u043f\\u0438\\u0441\\u0430\\u043d\\u0438\\u0435 \\u043c\\u0435\\u0440\\u043e\\u043f\\u0440\\u0438\\u044f\\u0442\\u0438\\u044f", "\\u041f\\u0440\\u043e\\u0433\\u0440\\u0430\\u043c\\u043c\\u0430 \\u043c\\u0435\\u0440\\u043e\\u043f\\u0440\\u0438\\u044f\\u0442\\u0438\\u044f", "\\u0410\\u0434\\u0440\\u0435\\u0441"]}}]	13	2
11	2023-06-09 12:39:11.470298+00	7	III ЕЖЕГОДНЫЙ САММИТ ПО КРИПТОВАЛЮТАМ И БЛОКЧЕЙН - ТЕХНОЛОГИЯМ	1	[{"added": {}}]	13	2
12	2023-06-09 12:39:57.430872+00	2	FrontendConf 2023	2	[{"changed": {"fields": ["\\u041f\\u0440\\u043e\\u0433\\u0440\\u0430\\u043c\\u043c\\u0430 \\u043c\\u0435\\u0440\\u043e\\u043f\\u0440\\u0438\\u044f\\u0442\\u0438\\u044f", "\\u0410\\u0434\\u0440\\u0435\\u0441"]}}]	13	2
13	2023-06-09 12:49:17.342047+00	8	PYCON RUSSIA	1	[{"added": {}}]	13	2
14	2023-06-09 12:54:09.261892+00	26	спутниковая связь	1	[{"added": {}}]	11	3
15	2023-06-09 12:55:01.065893+00	27	ит в транспорте	1	[{"added": {}}]	11	3
16	2023-06-09 13:10:37.893939+00	9	PIX RPA митап #7: запуск и масштабирование RPA для профессионалов и новичков	1	[{"added": {}}]	13	2
17	2023-06-09 17:11:43.513338+00	10	Навигация и связь в особых условиях	1	[{"added": {}}]	13	2
18	2023-06-09 17:12:20.961739+00	10	Навигация и связь в особых условиях	2	[{"changed": {"fields": ["\\u0422\\u0435\\u0433\\u0438"]}}]	13	2
19	2023-06-09 17:19:07.416367+00	11	Энергопрорыв 2023. Окончание приема заявок	1	[{"added": {}}]	13	2
20	2023-06-09 17:25:16.013974+00	22	Владивосток	1	[{"added": {}}]	9	2
21	2023-06-09 19:49:30.644527+00	28	FrontOps	1	[{"added": {}}]	11	2
22	2023-06-09 19:50:43.081047+00	29	AI	1	[{"added": {}}]	11	3
23	2023-06-09 19:50:48.276501+00	12	Освой ChatGPT за 2 дня. PRO	1	[{"added": {}}]	13	3
24	2023-06-09 19:56:25.417066+00	30	Interface design	1	[{"added": {}}]	11	2
25	2023-06-09 19:56:31.937674+00	31	Project Management	1	[{"added": {}}]	11	3
26	2023-06-09 19:56:45.197324+00	13	Пиэмная: митап для руководителей ИТ-проектов	1	[{"added": {}}]	13	3
27	2023-06-09 19:57:52.215886+00	32	Architecture and patterns	1	[{"added": {}}]	11	2
28	2023-06-09 20:02:37.42227+00	33	Product	1	[{"added": {}}]	11	3
29	2023-06-09 20:10:59.043479+00	14	Как построить карьеру продакт-менеджера	1	[{"added": {}}]	13	3
30	2023-06-09 20:20:41.882405+00	15	Тикет есть? А если не найду?	1	[{"added": {}}]	13	3
31	2023-06-09 20:27:04.424358+00	2	FrontendConf 2023	3		13	2
32	2023-06-09 20:27:49.546962+00	16	Frontend Conf	1	[{"added": {}}]	13	2
33	2023-06-09 20:31:42.232678+00	17	Цифровизация транспорта 2023	1	[{"added": {}}]	13	3
34	2023-06-09 20:41:03.633006+00	34	b2b	1	[{"added": {}}]	11	3
35	2023-06-09 20:41:10.408892+00	18	VII Всероссийский форум по маркетингу в сфере B2B	1	[{"added": {}}]	13	3
36	2023-06-09 20:43:54.865116+00	35	Data Processing	1	[{"added": {}}]	11	2
37	2023-06-09 20:44:22.6966+00	36	DataOps	1	[{"added": {}}]	11	2
38	2023-06-09 20:44:50.996821+00	37	Data Management	1	[{"added": {}}]	11	2
39	2023-06-09 20:46:25.717204+00	19	SmartData	1	[{"added": {}}]	13	2
40	2023-06-09 20:48:08.262764+00	38	b2c	1	[{"added": {}}]	11	3
41	2023-06-09 20:48:42.27762+00	20	CLIENT SERVICE FORUM 2023	1	[{"added": {}}]	13	3
42	2023-06-09 20:53:11.323514+00	39	Fintech	1	[{"added": {}}]	11	3
43	2023-06-09 20:54:02.977012+00	21	BANKS IT DAY 2023	1	[{"added": {}}]	13	3
44	2023-06-09 20:59:26.521667+00	22	Арктек Дата	1	[{"added": {}}]	13	3
45	2023-06-09 21:21:02.206738+00	40	ML	1	[{"added": {}}]	11	2
46	2023-06-09 21:22:38.600952+00	41	GPT	1	[{"added": {}}]	11	2
47	2023-06-09 21:23:15.023614+00	23	AI &BIG DATA	1	[{"added": {}}]	13	2
48	2023-06-09 21:29:56.470057+00	23	Сочи	1	[{"added": {}}]	9	2
49	2023-06-09 21:37:51.470346+00	42	VPN	1	[{"added": {}}]	11	2
50	2023-06-09 21:38:56.070309+00	43	MeeGo	1	[{"added": {}}]	11	2
51	2023-06-09 21:40:24.597335+00	44	Cybersecurity	1	[{"added": {}}]	11	2
52	2023-06-09 21:40:57.798852+00	24	ИнфоБЕРЕГ	1	[{"added": {}}]	13	2
53	2023-06-09 21:56:30.97179+00	45	architecture of IT solutions	1	[{"added": {}}]	11	2
54	2023-06-09 21:56:49.026363+00	25	ArchDays	1	[{"added": {}}]	13	2
55	2023-06-09 22:06:03.287804+00	24	Дулепово	1	[{"added": {}}]	9	2
56	2023-06-09 22:08:47.83865+00	46	XML	1	[{"added": {}}]	11	2
57	2023-06-09 22:09:04.35278+00	47	1C	1	[{"added": {}}]	11	2
58	2023-06-09 22:09:29.267421+00	48	EDO	1	[{"added": {}}]	11	2
59	2023-06-09 22:14:11.75918+00	26	ФОРУМ ЭДО'2023 - ПРАКТИКА	1	[{"added": {}}]	13	2
60	2023-06-09 23:28:02.351907+00	27	ЛИДЕРЫ ЦИФРОВОЙ ТРАНСФОРМАЦИИ 2023	1	[{"added": {}}]	13	2
61	2023-06-09 23:48:26.362427+00	28	Онлайн-урок "Demo-версия курса "Web-разработчик". Первый урок"	1	[{"added": {}}]	13	2
62	2023-06-10 00:16:27.312443+00	29	WEEKEND OFFER Mobile	1	[{"added": {}}]	13	2
63	2023-06-10 00:24:39.356928+00	30	Big Data и Artificial Intelligence Day 2023	1	[{"added": {}}]	13	2
64	2023-06-10 00:43:28.895234+00	31	VK Cloud Conf 2023	1	[{"added": {}}]	13	2
65	2023-06-10 02:41:21.508159+00	32	ЦОД 2023 Санкт-Петербург	1	[{"added": {}}]	13	4
66	2023-06-10 02:47:18.705631+00	33	Новая реальность. AR, VR, и нейросети — для дела или для забавы?	1	[{"added": {}}]	13	4
67	2023-06-10 05:20:51.842175+00	34	ЕЖЕГОДНАЯ ИТ-КОНФЕРЕНЦИЯ IT IS CONF	1	[{"added": {}}]	13	2
68	2023-06-10 05:57:49.380964+00	35	DevOops. Конференция по инженерным решениям и DevOps-культуре	1	[{"added": {}}]	13	2
69	2023-06-10 05:59:40.548651+00	34	ЕЖЕГОДНАЯ ИТ-КОНФЕРЕНЦИЯ IT IS CONF	2	[{"changed": {"fields": ["\\u0410\\u0444\\u0438\\u0448\\u0430 \\u043c\\u0435\\u0440\\u043e\\u043f\\u0440\\u0438\\u044f\\u0442\\u0438\\u044f"]}}]	13	2
70	2023-06-10 07:09:12.697173+00	49	UX/UI	1	[{"added": {}}]	11	4
71	2023-06-10 07:11:40.78737+00	36	Лидеры цифровой трансформации 2023	1	[{"added": {}}]	13	4
72	2023-06-10 07:16:30.817505+00	50	HR	1	[{"added": {}}]	11	4
73	2023-06-10 07:16:57.004332+00	37	HR Лето	1	[{"added": {}}]	13	4
74	2023-06-10 07:21:26.974796+00	25	Смоленск	1	[{"added": {}}]	9	4
75	2023-06-10 07:24:45.625281+00	38	XXI НАЦИОНАЛЬНАЯ КОНФЕРЕНЦИЯ ПО ИСКУССТВЕННОМУ ИНТЕЛЛЕКТУ С МЕЖДУНАРОДНЫМ УЧАСТИЕМ (КИИ-2023)	1	[{"added": {}}]	13	4
76	2023-06-10 07:33:16.250799+00	39	Серия лекций по ИИ в рамках AI Journey 2023	1	[{"added": {}}]	13	3
77	2023-06-10 15:11:47.161106+00	38	XXI НАЦИОНАЛЬНАЯ КОНФЕРЕНЦИЯ ПО ИСКУССТВЕННОМУ ИНТЕЛЛЕКТУ С МЕЖДУНАРОДНЫМ УЧАСТИЕМ (КИИ-2023)	2	[{"changed": {"fields": ["\\u0410\\u0432\\u0442\\u043e\\u0440 \\u043f\\u0443\\u0431\\u043b\\u0438\\u043a\\u0430\\u0446\\u0438\\u0438"]}}]	13	2
78	2023-06-10 15:11:53.584772+00	37	HR Лето	2	[{"changed": {"fields": ["\\u0410\\u0432\\u0442\\u043e\\u0440 \\u043f\\u0443\\u0431\\u043b\\u0438\\u043a\\u0430\\u0446\\u0438\\u0438"]}}]	13	2
79	2023-06-10 15:12:06.068056+00	36	Лидеры цифровой трансформации 2023	2	[{"changed": {"fields": ["\\u0410\\u0432\\u0442\\u043e\\u0440 \\u043f\\u0443\\u0431\\u043b\\u0438\\u043a\\u0430\\u0446\\u0438\\u0438"]}}]	13	2
80	2023-06-10 15:12:10.606178+00	35	DevOops. Конференция по инженерным решениям и DevOps-культуре	2	[{"changed": {"fields": ["\\u0410\\u0432\\u0442\\u043e\\u0440 \\u043f\\u0443\\u0431\\u043b\\u0438\\u043a\\u0430\\u0446\\u0438\\u0438"]}}]	13	2
81	2023-06-10 15:12:15.751974+00	34	ЕЖЕГОДНАЯ ИТ-КОНФЕРЕНЦИЯ IT IS CONF	2	[{"changed": {"fields": ["\\u0410\\u0432\\u0442\\u043e\\u0440 \\u043f\\u0443\\u0431\\u043b\\u0438\\u043a\\u0430\\u0446\\u0438\\u0438"]}}]	13	2
82	2023-06-10 15:12:55.570562+00	22	Арктек Дата	2	[{"changed": {"fields": ["\\u0410\\u0432\\u0442\\u043e\\u0440 \\u043f\\u0443\\u0431\\u043b\\u0438\\u043a\\u0430\\u0446\\u0438\\u0438"]}}]	13	2
83	2023-06-10 15:13:00.95755+00	21	BANKS IT DAY 2023	2	[{"changed": {"fields": ["\\u0410\\u0432\\u0442\\u043e\\u0440 \\u043f\\u0443\\u0431\\u043b\\u0438\\u043a\\u0430\\u0446\\u0438\\u0438"]}}]	13	2
84	2023-06-10 15:13:06.498494+00	20	CLIENT SERVICE FORUM 2023	2	[{"changed": {"fields": ["\\u0410\\u0432\\u0442\\u043e\\u0440 \\u043f\\u0443\\u0431\\u043b\\u0438\\u043a\\u0430\\u0446\\u0438\\u0438"]}}]	13	2
85	2023-06-10 15:13:19.721514+00	18	VII Всероссийский форум по маркетингу в сфере B2B	2	[{"changed": {"fields": ["\\u0410\\u0432\\u0442\\u043e\\u0440 \\u043f\\u0443\\u0431\\u043b\\u0438\\u043a\\u0430\\u0446\\u0438\\u0438"]}}]	13	2
86	2023-06-10 15:14:14.619081+00	12	Освой ChatGPT за 2 дня. PRO	2	[{"changed": {"fields": ["\\u0410\\u0432\\u0442\\u043e\\u0440 \\u043f\\u0443\\u0431\\u043b\\u0438\\u043a\\u0430\\u0446\\u0438\\u0438"]}}]	13	2
87	2023-06-10 15:14:25.692649+00	13	Пиэмная: митап для руководителей ИТ-проектов	2	[{"changed": {"fields": ["\\u0410\\u0432\\u0442\\u043e\\u0440 \\u043f\\u0443\\u0431\\u043b\\u0438\\u043a\\u0430\\u0446\\u0438\\u0438"]}}]	13	2
88	2023-06-10 15:14:32.811699+00	14	Как построить карьеру продакт-менеджера	2	[{"changed": {"fields": ["\\u0410\\u0432\\u0442\\u043e\\u0440 \\u043f\\u0443\\u0431\\u043b\\u0438\\u043a\\u0430\\u0446\\u0438\\u0438"]}}]	13	2
89	2023-06-10 15:14:38.627369+00	15	Тикет есть? А если не найду?	2	[{"changed": {"fields": ["\\u0410\\u0432\\u0442\\u043e\\u0440 \\u043f\\u0443\\u0431\\u043b\\u0438\\u043a\\u0430\\u0446\\u0438\\u0438"]}}]	13	2
90	2023-06-10 15:14:48.072187+00	17	Цифровизация транспорта 2023	2	[{"changed": {"fields": ["\\u0410\\u0432\\u0442\\u043e\\u0440 \\u043f\\u0443\\u0431\\u043b\\u0438\\u043a\\u0430\\u0446\\u0438\\u0438"]}}]	13	2
91	2023-06-10 16:21:14.930571+00	7	III ЕЖЕГОДНЫЙ САММИТ ПО КРИПТОВАЛЮТАМ И БЛОКЧЕЙН - ТЕХНОЛОГИЯМ	2	[{"changed": {"fields": ["\\u0410\\u0444\\u0438\\u0448\\u0430 \\u043c\\u0435\\u0440\\u043e\\u043f\\u0440\\u0438\\u044f\\u0442\\u0438\\u044f"]}}]	13	2
92	2023-06-10 16:26:06.034234+00	6	GAMEDEV WEEKEND	2	[{"changed": {"fields": ["\\u0410\\u0444\\u0438\\u0448\\u0430 \\u043c\\u0435\\u0440\\u043e\\u043f\\u0440\\u0438\\u044f\\u0442\\u0438\\u044f"]}}]	13	2
93	2023-06-10 19:28:40.461154+00	7	III ЕЖЕГОДНЫЙ САММИТ ПО КРИПТОВАЛЮТАМ И БЛОКЧЕЙН - ТЕХНОЛОГИЯМ	2	[{"changed": {"fields": ["\\u0410\\u0444\\u0438\\u0448\\u0430 \\u043c\\u0435\\u0440\\u043e\\u043f\\u0440\\u0438\\u044f\\u0442\\u0438\\u044f"]}}]	13	2
94	2023-06-12 12:26:05.90442+00	31	VK Cloud Conf 2023	2	[{"changed": {"fields": ["\\u0410\\u0434\\u0440\\u0435\\u0441"]}}]	13	2
95	2023-06-12 12:32:27.396589+00	36	Лидеры цифровой трансформации 2023	2	[{"changed": {"fields": ["\\u0410\\u0434\\u0440\\u0435\\u0441"]}}]	13	2
96	2023-06-12 12:48:23.085363+00	40	asd	1	[{"added": {}}]	13	2
97	2023-06-12 12:49:03.370004+00	40	asd	3		13	2
98	2023-06-28 15:28:52.793786+00	1	Evropen	1	[{"added": {}}]	15	2
99	2023-06-28 21:52:48.370673+00	41	python	1	[{"added": {}}]	13	2
100	2023-06-28 21:56:33.075181+00	38	XXI НАЦИОНАЛЬНАЯ КОНФЕРЕНЦИЯ ПО ИСКУССТВЕННОМУ ИНТЕЛЛЕКТУ С МЕЖДУНАРОДНЫМ УЧАСТИЕМ (КИИ-2023)	2	[{"changed": {"fields": ["\\u041d\\u0430\\u043f\\u0440\\u0430\\u0432\\u043b\\u0435\\u043d\\u0438\\u0435"]}}]	13	2
101	2023-06-28 21:57:12.732459+00	38	XXI НАЦИОНАЛЬНАЯ КОНФЕРЕНЦИЯ ПО ИСКУССТВЕННОМУ ИНТЕЛЛЕКТУ С МЕЖДУНАРОДНЫМ УЧАСТИЕМ (КИИ-2023)	2	[]	13	2
102	2023-06-28 21:58:34.616459+00	38	XXI НАЦИОНАЛЬНАЯ КОНФЕРЕНЦИЯ ПО ИСКУССТВЕННОМУ ИНТЕЛЛЕКТУ С МЕЖДУНАРОДНЫМ УЧАСТИЕМ (КИИ-2023)	2	[{"changed": {"fields": ["\\u041e\\u0440\\u0433\\u0430\\u043d\\u0438\\u0437\\u0430\\u0442\\u043e\\u0440"]}}]	13	2
103	2023-06-28 22:04:59.500204+00	41	python	3		13	2
104	2023-06-28 22:15:31.600555+00	1	Evropen	2	[{"changed": {"fields": ["\\u041c\\u0435\\u043d\\u0435\\u0434\\u0436\\u0435\\u0440 \\u043e\\u0440\\u0433\\u0430\\u043d\\u0438\\u0437\\u0430\\u0446\\u0438\\u0438"]}}]	15	2
105	2023-06-28 22:21:18.063134+00	39	Серия лекций по ИИ в рамках AI Journey 2023	2	[{"changed": {"fields": ["\\u041d\\u0430\\u043f\\u0440\\u0430\\u0432\\u043b\\u0435\\u043d\\u0438\\u0435"]}}]	13	2
106	2023-06-28 22:21:33.279744+00	38	XXI НАЦИОНАЛЬНАЯ КОНФЕРЕНЦИЯ ПО ИСКУССТВЕННОМУ ИНТЕЛЛЕКТУ С МЕЖДУНАРОДНЫМ УЧАСТИЕМ (КИИ-2023)	2	[]	13	2
107	2023-06-28 22:22:05.176499+00	37	HR Лето	2	[{"changed": {"fields": ["\\u041d\\u0430\\u043f\\u0440\\u0430\\u0432\\u043b\\u0435\\u043d\\u0438\\u0435"]}}]	13	2
108	2023-06-28 22:23:47.765224+00	36	Лидеры цифровой трансформации 2023	2	[{"changed": {"fields": ["\\u041d\\u0430\\u043f\\u0440\\u0430\\u0432\\u043b\\u0435\\u043d\\u0438\\u0435"]}}]	13	2
109	2023-06-28 22:24:08.2508+00	35	DevOops. Конференция по инженерным решениям и DevOps-культуре	2	[{"changed": {"fields": ["\\u041d\\u0430\\u043f\\u0440\\u0430\\u0432\\u043b\\u0435\\u043d\\u0438\\u0435"]}}]	13	2
110	2023-06-28 22:25:10.674718+00	29	WEEKEND OFFER Mobile	2	[{"changed": {"fields": ["\\u041d\\u0430\\u043f\\u0440\\u0430\\u0432\\u043b\\u0435\\u043d\\u0438\\u0435"]}}]	13	2
111	2023-06-28 22:26:04.971255+00	32	ЦОД 2023 Санкт-Петербург	2	[{"changed": {"fields": ["\\u041d\\u0430\\u043f\\u0440\\u0430\\u0432\\u043b\\u0435\\u043d\\u0438\\u0435"]}}]	13	2
112	2023-06-28 22:26:49.9149+00	30	Big Data и Artificial Intelligence Day 2023	2	[{"changed": {"fields": ["\\u041d\\u0430\\u043f\\u0440\\u0430\\u0432\\u043b\\u0435\\u043d\\u0438\\u0435"]}}]	13	2
113	2023-06-28 22:27:52.70657+00	28	Онлайн-урок "Demo-версия курса "Web-разработчик". Первый урок"	2	[{"changed": {"fields": ["\\u041d\\u0430\\u043f\\u0440\\u0430\\u0432\\u043b\\u0435\\u043d\\u0438\\u0435"]}}]	13	2
114	2023-06-28 22:28:48.099402+00	27	ЛИДЕРЫ ЦИФРОВОЙ ТРАНСФОРМАЦИИ 2023	2	[{"changed": {"fields": ["\\u041d\\u0430\\u043f\\u0440\\u0430\\u0432\\u043b\\u0435\\u043d\\u0438\\u0435"]}}]	13	2
115	2023-06-28 22:29:13.410435+00	31	VK Cloud Conf 2023	2	[{"changed": {"fields": ["\\u041d\\u0430\\u043f\\u0440\\u0430\\u0432\\u043b\\u0435\\u043d\\u0438\\u0435"]}}]	13	2
116	2023-06-28 22:29:50.325146+00	1	IT-конференция CrossConf'23	2	[{"changed": {"fields": ["\\u041f\\u0440\\u043e\\u0433\\u0440\\u0430\\u043c\\u043c\\u0430 \\u043c\\u0435\\u0440\\u043e\\u043f\\u0440\\u0438\\u044f\\u0442\\u0438\\u044f", "\\u041d\\u0430\\u043f\\u0440\\u0430\\u0432\\u043b\\u0435\\u043d\\u0438\\u0435"]}}]	13	2
117	2023-06-28 22:30:14.995881+00	3	Виртуализация от ZStack: новые решения и возможности	2	[{"changed": {"fields": ["\\u041e\\u043f\\u0438\\u0441\\u0430\\u043d\\u0438\\u0435 \\u043c\\u0435\\u0440\\u043e\\u043f\\u0440\\u0438\\u044f\\u0442\\u0438\\u044f", "\\u041f\\u0440\\u043e\\u0433\\u0440\\u0430\\u043c\\u043c\\u0430 \\u043c\\u0435\\u0440\\u043e\\u043f\\u0440\\u0438\\u044f\\u0442\\u0438\\u044f", "\\u041d\\u0430\\u043f\\u0440\\u0430\\u0432\\u043b\\u0435\\u043d\\u0438\\u0435"]}}]	13	2
118	2023-06-28 22:30:48.510154+00	4	Вторая ежегодная конференция ITSMIR 2023 «ИT-суверенитет: мифы и реальность»	2	[{"changed": {"fields": ["\\u041e\\u043f\\u0438\\u0441\\u0430\\u043d\\u0438\\u0435 \\u043c\\u0435\\u0440\\u043e\\u043f\\u0440\\u0438\\u044f\\u0442\\u0438\\u044f", "\\u041f\\u0440\\u043e\\u0433\\u0440\\u0430\\u043c\\u043c\\u0430 \\u043c\\u0435\\u0440\\u043e\\u043f\\u0440\\u0438\\u044f\\u0442\\u0438\\u044f", "\\u0410\\u0434\\u0440\\u0435\\u0441", "\\u041d\\u0430\\u043f\\u0440\\u0430\\u0432\\u043b\\u0435\\u043d\\u0438\\u0435"]}}]	13	2
119	2023-06-28 22:31:19.238296+00	6	GAMEDEV WEEKEND	2	[{"changed": {"fields": ["\\u041d\\u0430\\u043f\\u0440\\u0430\\u0432\\u043b\\u0435\\u043d\\u0438\\u0435"]}}]	13	2
120	2023-06-28 22:31:35.99181+00	7	III ЕЖЕГОДНЫЙ САММИТ ПО КРИПТОВАЛЮТАМ И БЛОКЧЕЙН - ТЕХНОЛОГИЯМ	2	[{"changed": {"fields": ["\\u041d\\u0430\\u043f\\u0440\\u0430\\u0432\\u043b\\u0435\\u043d\\u0438\\u0435"]}}]	13	2
121	2023-06-28 22:32:03.914175+00	8	PYCON RUSSIA	2	[{"changed": {"fields": ["\\u041d\\u0430\\u043f\\u0440\\u0430\\u0432\\u043b\\u0435\\u043d\\u0438\\u0435"]}}]	13	2
122	2023-06-28 22:32:43.667618+00	9	PIX RPA митап #7: запуск и масштабирование RPA для профессионалов и новичков	2	[{"changed": {"fields": ["\\u041d\\u0430\\u043f\\u0440\\u0430\\u0432\\u043b\\u0435\\u043d\\u0438\\u0435"]}}]	13	2
123	2023-06-28 22:33:38.741779+00	10	Навигация и связь в особых условиях	2	[{"changed": {"fields": ["\\u041d\\u0430\\u043f\\u0440\\u0430\\u0432\\u043b\\u0435\\u043d\\u0438\\u0435"]}}]	13	2
124	2023-06-28 22:34:06.200798+00	14	Как построить карьеру продакт-менеджера	2	[{"changed": {"fields": ["\\u041d\\u0430\\u043f\\u0440\\u0430\\u0432\\u043b\\u0435\\u043d\\u0438\\u0435"]}}]	13	2
125	2023-06-28 22:34:45.071879+00	11	Энергопрорыв 2023. Окончание приема заявок	2	[{"changed": {"fields": ["\\u041d\\u0430\\u043f\\u0440\\u0430\\u0432\\u043b\\u0435\\u043d\\u0438\\u0435"]}}]	13	2
126	2023-06-28 22:35:35.007013+00	13	Пиэмная: митап для руководителей ИТ-проектов	2	[{"changed": {"fields": ["\\u041d\\u0430\\u043f\\u0440\\u0430\\u0432\\u043b\\u0435\\u043d\\u0438\\u0435"]}}]	13	2
127	2023-06-28 22:36:01.897055+00	12	Освой ChatGPT за 2 дня. PRO	2	[{"changed": {"fields": ["\\u041d\\u0430\\u043f\\u0440\\u0430\\u0432\\u043b\\u0435\\u043d\\u0438\\u0435"]}}]	13	2
128	2023-06-28 22:36:35.447635+00	15	Тикет есть? А если не найду?	2	[{"changed": {"fields": ["\\u041d\\u0430\\u043f\\u0440\\u0430\\u0432\\u043b\\u0435\\u043d\\u0438\\u0435"]}}]	13	2
129	2023-06-28 22:37:04.350843+00	16	Frontend Conf	2	[{"changed": {"fields": ["\\u041d\\u0430\\u043f\\u0440\\u0430\\u0432\\u043b\\u0435\\u043d\\u0438\\u0435"]}}]	13	2
130	2023-06-28 22:37:30.522374+00	23	AI &BIG DATA	2	[{"changed": {"fields": ["\\u041d\\u0430\\u043f\\u0440\\u0430\\u0432\\u043b\\u0435\\u043d\\u0438\\u0435"]}}]	13	2
131	2023-06-28 22:38:03.118213+00	18	VII Всероссийский форум по маркетингу в сфере B2B	2	[{"changed": {"fields": ["\\u041d\\u0430\\u043f\\u0440\\u0430\\u0432\\u043b\\u0435\\u043d\\u0438\\u0435"]}}]	13	2
132	2023-06-28 22:38:20.002422+00	39	Серия лекций по ИИ в рамках AI Journey 2023	2	[]	13	2
133	2023-06-28 22:38:54.005531+00	37	HR Лето	2	[]	13	2
134	2023-06-28 22:39:03.76047+00	36	Лидеры цифровой трансформации 2023	2	[]	13	2
135	2023-06-28 22:39:11.305523+00	35	DevOops. Конференция по инженерным решениям и DevOps-культуре	2	[]	13	2
\.


--
-- Data for Name: django_content_type; Type: TABLE DATA; Schema: public; Owner: postgres
--

COPY public.django_content_type (id, app_label, model) FROM stdin;
1	admin	logentry
2	auth	permission
3	auth	group
4	contenttypes	contenttype
5	sessions	session
6	authtoken	token
7	authtoken	tokenproxy
8	users	user
9	events	city
10	events	format
11	events	tags
12	events	topic
13	events	event
14	events	favourite
15	users	organisation
\.


--
-- Data for Name: django_migrations; Type: TABLE DATA; Schema: public; Owner: postgres
--

COPY public.django_migrations (id, app, name, applied) FROM stdin;
1	contenttypes	0001_initial	2023-06-08 19:51:30.763766+00
2	contenttypes	0002_remove_content_type_name	2023-06-08 19:51:30.775056+00
3	auth	0001_initial	2023-06-08 19:51:30.827736+00
4	auth	0002_alter_permission_name_max_length	2023-06-08 19:51:30.834355+00
5	auth	0003_alter_user_email_max_length	2023-06-08 19:51:30.841711+00
6	auth	0004_alter_user_username_opts	2023-06-08 19:51:30.848998+00
7	auth	0005_alter_user_last_login_null	2023-06-08 19:51:30.8564+00
8	auth	0006_require_contenttypes_0002	2023-06-08 19:51:30.859436+00
9	auth	0007_alter_validators_add_error_messages	2023-06-08 19:51:30.867071+00
10	auth	0008_alter_user_username_max_length	2023-06-08 19:51:30.875017+00
11	auth	0009_alter_user_last_name_max_length	2023-06-08 19:51:30.882325+00
12	auth	0010_alter_group_name_max_length	2023-06-08 19:51:30.890685+00
13	auth	0011_update_proxy_permissions	2023-06-08 19:51:30.89806+00
14	auth	0012_alter_user_first_name_max_length	2023-06-08 19:51:30.905403+00
15	users	0001_initial	2023-06-08 19:51:30.947839+00
16	admin	0001_initial	2023-06-08 19:51:30.974055+00
17	admin	0002_logentry_remove_auto_add	2023-06-08 19:51:30.984356+00
18	admin	0003_logentry_add_action_flag_choices	2023-06-08 19:51:30.994098+00
19	authtoken	0001_initial	2023-06-08 19:51:31.012311+00
20	authtoken	0002_auto_20160226_1747	2023-06-08 19:51:31.04634+00
21	events	0001_initial	2023-06-08 19:51:31.194774+00
22	events	0002_event_city	2023-06-08 19:51:31.214379+00
23	events	0003_event_format_event_tags_event_topik	2023-06-08 19:51:31.290163+00
24	events	0004_rename_topik_event_topic	2023-06-08 19:51:31.352696+00
25	events	0005_alter_city_options_alter_event_options_and_more	2023-06-08 19:51:31.471359+00
26	events	0006_rename_dete_end_event_date_end	2023-06-08 19:51:31.488152+00
27	events	0007_delete_subtopic	2023-06-08 19:51:31.493252+00
28	events	0008_alter_tags_options_alter_topic_options_favourite	2023-06-08 19:51:31.533933+00
29	events	0009_alter_event_options	2023-06-08 19:51:31.54927+00
30	events	0010_alter_event_description_alter_event_program	2023-06-08 19:51:31.577777+00
31	events	0011_alter_event_city	2023-06-08 19:51:31.60446+00
32	sessions	0001_initial	2023-06-08 19:51:31.618004+00
33	users	0002_alter_user_email	2023-06-08 19:51:31.632601+00
34	users	0003_alter_user_email	2023-06-08 19:51:31.651075+00
35	users	0004_alter_user_profile_photo	2023-06-08 19:51:31.667133+00
36	users	0005_alter_user_role_organisation	2023-06-28 14:59:31.205262+00
37	events	0012_event_image_small_remove_event_topic_event_topic	2023-06-28 21:19:50.288042+00
\.


--
-- Data for Name: django_session; Type: TABLE DATA; Schema: public; Owner: postgres
--

COPY public.django_session (session_key, session_data, expire_date) FROM stdin;
mvgvpw0surm2xu9q42cph7pejqh6mbn2	.eJxVjDsOwjAQBe_iGlmx499S0ucM1nq94ACypTipEHeHSCmgfTPzXiLitpa4dV7inMVZKHH63RLSg-sO8h3rrUlqdV3mJHdFHrTLqWV-Xg7376BgL9-afUDQOg3WZeJklFeYAlociQ1d3chswIegALKzrIHBW2ByYzbKDSDeH-8sN8Y:1q7M9V:5ENoydqk5DcpH48yZPSxJ9iAA6xTDGLQQa_RSURAW6Y	2023-06-22 20:22:37.614916+00
obsr7l8tk2bhzie8vzxjtxsneghtq64f	.eJxVjDsOwyAQRO9CHaEF8zEp0_sMaGEhOIlAMnYV5e6xJRfJlPPezJt53Nbit54WPxO7Mskuv13A-Ez1APTAem88trouc-CHwk_a-dQovW6n-3dQsJd9jYNLAwyGIJo9KVsyVqgEUkowWcRRk9SGUACiCtaRRuUcyhFNDgTs8wXMjzeY:1q7PIE:8Cnks5MbSsDAL2gOW6noTFcYzyg3FLWhd2w21UKnqjA	2023-06-22 23:43:50.075038+00
cwstnsdrokxtceo533wvsmrxdfy06vfn	.eJxVjMsOwiAQRf-FtSGdwPBw6d5vIDADUjWQlHZl_Hdt0oVu7znnvkSI21rDNvISZhZnocTpd0uRHrntgO-x3bqk3tZlTnJX5EGHvHbOz8vh_h3UOOq31pgMYyGPERQiqjSVyWZDYEhZRcZlq6l4wwW8woROO8-WCRxoYBDvD9bNN1o:1q9MsR:UMZeBjmyfuQE5ndNiJWrdhUZOug9KvMjE94BDVAWIag	2023-06-28 09:33:19.752518+00
y7zryrkxr04ar24ot5g80f11xjrfpsfa	.eJxVjDsOwyAQRO9CHaEF8zEp0_sMaGEhOIlAMnYV5e6xJRfJlPPezJt53Nbit54WPxO7Mskuv13A-Ez1APTAem88trouc-CHwk_a-dQovW6n-3dQsJd9jYNLAwyGIJo9KVsyVqgEUkowWcRRk9SGUACiCtaRRuUcyhFNDgTs8wXMjzeY:1qDPRj:pK067A5csBs4EwUPmF9fuqjI2tkfvefeawaBbdAAC7U	2023-07-09 13:06:27.472248+00
a2pjq4vbpwqff7fxfj96zgh52qrwdzko	.eJxVjMsOwiAQRf-FtSGdwPBw6d5vIDADUjWQlHZl_Hdt0oVu7znnvkSI21rDNvISZhZnocTpd0uRHrntgO-x3bqk3tZlTnJX5EGHvHbOz8vh_h3UOOq31pgMYyGPERQiqjSVyWZDYEhZRcZlq6l4wwW8woROO8-WCRxoYBDvD9bNN1o:1q7bkU:bruVwYzgmz2ZrW5l9JkE6TF5YrqGTN1DC33y_V4sUew	2023-06-23 13:01:50.530734+00
jp46t8ebmgcnanpgdskw12wnfzz198a0	.eJxVjDsOwyAQRO9CHaEF8zEp0_sMaGEhOIlAMnYV5e6xJRfJlPPezJt53Nbit54WPxO7Mskuv13A-Ez1APTAem88trouc-CHwk_a-dQovW6n-3dQsJd9jYNLAwyGIJo9KVsyVqgEUkowWcRRk9SGUACiCtaRRuUcyhFNDgTs8wXMjzeY:1qC3KR:BzLlOan9AeRK0950R9SW3Lm44ApGfUiMZycOcLLtT-Q	2023-07-05 19:17:19.433632+00
ub73nm6mc8x1l9g38oxitlnfrnpg99qw	.eJxVjDsOwyAQRO9CHaEF8zEp0_sMaGEhOIlAMnYV5e6xJRfJlPPezJt53Nbit54WPxO7Mskuv13A-Ez1APTAem88trouc-CHwk_a-dQovW6n-3dQsJd9jYNLAwyGIJo9KVsyVqgEUkowWcRRk9SGUACiCtaRRuUcyhFNDgTs8wXMjzeY:1qDPYA:IOoR-nkDT_pKrRqSmB3QeaEwNU8VfzICGOP9wFp4qVo	2023-07-09 13:13:06.701175+00
km3vjpkeduvxfbrl9wjs4yclmab0zaxe	.eJxVjEEOwiAQRe_C2hCg0Cku3XsGMswMUjVtUtqV8e7apAvd_vfef6mE21rT1mRJI6uzcur0u2Wkh0w74DtOt1nTPK3LmPWu6IM2fZ1ZnpfD_Tuo2Oq3RmshkvPsxRZrHWcRQOpAgHxgCBA9ERQT7eDQuNLnOEQmIBNz6Hr1_gDp7zff:1q4Rl2:huQ8xg0N-OBnIC1SZoQwESAiEt1CNXaLUzl-1U2YIq8	2023-06-14 19:45:20.428+00
38jh49vfojwu9j3p7lazwhqsls1hj4ok	.eJxVjDsOwyAQRO9CHaEF8zEp0_sMaGEhOIlAMnYV5e6xJRfJlPPezJt53Nbit54WPxO7Mskuv13A-Ez1APTAem88trouc-CHwk_a-dQovW6n-3dQsJd9jYNLAwyGIJo9KVsyVqgEUkowWcRRk9SGUACiCtaRRuUcyhFNDgTs8wXMjzeY:1qEX1H:PeUBWRKo6AlLT-a2fLfnp_q_fYq0ZEW4anRQn1f6tgg	2023-07-12 15:23:47.738702+00
m4qnm8gx09d28qbv30cec74wruucxgkr	.eJxVjDsOwyAQRO9CHaEF8zEp0_sMaGEhOIlAMnYV5e6xJRfJlPPezJt53Nbit54WPxO7Mskuv13A-Ez1APTAem88trouc-CHwk_a-dQovW6n-3dQsJd9jYNLAwyGIJo9KVsyVqgEUkowWcRRk9SGUACiCtaRRuUcyhFNDgTs8wXMjzeY:1qEXTs:00OvMuJni_o7kzbz303cpUmYh925RzZJrD3OVhUkiLc	2023-07-12 15:53:20.988937+00
k58zhb69rkkpqwtu5zheo5vur60955t7	.eJxVjDsOwyAQRO9CHaEF8zEp0_sMaGEhOIlAMnYV5e6xJRfJlPPezJt53Nbit54WPxO7Mskuv13A-Ez1APTAem88trouc-CHwk_a-dQovW6n-3dQsJd9jYNLAwyGIJo9KVsyVqgEUkowWcRRk9SGUACiCtaRRuUcyhFNDgTs8wXMjzeY:1qEZRe:gzLXkZ3s81IrXRhf5lGcr9jyruKyQqodmO_v51AFxz4	2023-07-12 17:59:10.311495+00
3o2d1bf93kbxsi755paravkr1qprba6k	.eJxVjMsOwiAQRf-FtSGdwPBw6d5vIDADUjWQlHZl_Hdt0oVu7znnvkSI21rDNvISZhZnocTpd0uRHrntgO-x3bqk3tZlTnJX5EGHvHbOz8vh_h3UOOq31pgMYyGPERQiqjSVyWZDYEhZRcZlq6l4wwW8woROO8-WCRxoYBDvD9bNN1o:1q7o70:jqRa8S9daiT0JfUYNaaAA0AqdlX8H-1NzMzxmrLjpAY	2023-06-24 02:13:54.793003+00
bqctssgg7piubshymczjqvcijtxdou71	.eJxVjDsOwyAQRO9CHaEF8zEp0_sMaGEhOIlAMnYV5e6xJRfJlPPezJt53Nbit54WPxO7Mskuv13A-Ez1APTAem88trouc-CHwk_a-dQovW6n-3dQsJd9jYNLAwyGIJo9KVsyVqgEUkowWcRRk9SGUACiCtaRRuUcyhFNDgTs8wXMjzeY:1q7qQz:rvV6ezMks5qu9yYe0Au9aSrtFqiJzGwWIjIgRvaU8Mc	2023-06-24 04:42:41.688891+00
2bsgjy52ehkfqxhqts6uo9bzfe7vo96i	.eJxVjMsOwiAQRf-FtSGdwPBw6d5vIDADUjWQlHZl_Hdt0oVu7znnvkSI21rDNvISZhZnocTpd0uRHrntgO-x3bqk3tZlTnJX5EGHvHbOz8vh_h3UOOq31pgMYyGPERQiqjSVyWZDYEhZRcZlq6l4wwW8woROO8-WCRxoYBDvD9bNN1o:1q7snU:GuM2Px3ve32b3vGAegnRir3ZvvKbCyXyecfKB4A881E	2023-06-24 07:14:04.86068+00
p1r8xf2twmvgj5q3u0hrl3dwcwbtkt72	.eJxVjMsOwiAQRf-FtSGdwPBw6d5vIDADUjWQlHZl_Hdt0oVu7znnvkSI21rDNvISZhZnocTpd0uRHrntgO-x3bqk3tZlTnJX5EGHvHbOz8vh_h3UOOq31pgMYyGPERQiqjSVyWZDYEhZRcZlq6l4wwW8woROO8-WCRxoYBDvD9bNN1o:1q7ssZ:Sr8h9zjSd8kZgIEIljkVJ7GHFf-_9ZFaxC4BTuQIwJY	2023-06-24 07:19:19.926477+00
\.


--
-- Data for Name: events_city; Type: TABLE DATA; Schema: public; Owner: postgres
--

COPY public.events_city (id, name) FROM stdin;
21	Бердск
22	Владивосток
1	Москва
2	Санкт-Петербург
3	Екатеринбург
4	Новосибирск
5	Казань
6	Самара
7	Омск
8	Челябинск
9	Нижний Новгород
10	Ростов-на-Дону
11	Уфа
12	Красноярск
13	Воронеж
14	Пермь
15	Волгоград
16	Краснодар
17	Тюмень
18	Ижевск
19	Тольятти
20	Барнаул
23	Сочи
24	Дулепово
25	Смоленск
\.


--
-- Data for Name: events_event; Type: TABLE DATA; Schema: public; Owner: postgres
--

COPY public.events_event (id, title, description, url, image, program, organizer, partners, address, price, created_at, author_id, city_id, date_start, date_end, image_small) FROM stdin;
1	IT-конференция CrossConf'23	Крупнейшая IT-конференция о кроссплатформенной разработке и трендах IT пройдет 15 сентября в Москве. Более 60 экспертов по мобильной разработке, искусственному интеллекту, продуктовой разработке и менеджменту представят свежие кейсы и прогнозы о развитии IT-рынка. Ожидается участие около 700 гостей, среди которых разработчики, аналитики, тимлиды, product-менеджеры, дизайнеры, ML-инженеры и другие востребованные IT-специалисты. Билеты на конференцию уже в продаже на сайте crossconf.com.	https://crossconf.com/	events/image/content_340h100.jpg	На CrossConf’23 будет 5 тематических потоков: большой поток Mobile crossplatform с треками по Flutter и другим направлениям кроссплатформенной разработки, а также потоки Product&Design, Management&Teamlead, Тренды: AI&инструменты. Конференция пройдет в центре Москвы — в  пространстве «СтартХаб» на территории бывшего завода «Красный Октябрь» (м.Кропоткинская).\r\n\r\n«Наша задача не только сделать крупнейшую площадку для разговора о кроссплатформенной разработке, но и объединить экспертов смежных IT-направлений, которые обсудят самые значимые тренды. Мы придаем большое значение силе горизонтальных связей и кросс-технологичного взаимодействия, поэтому CrossConf – это место для знакомства с вдохновляющими людьми и выбора новых направлений роста», – поделился планами председатель программного комитета CrossConf Петр Чернышев.\r\n\r\nУ конференции CrossConf есть свое мобильное приложение. Оно помогает составлять персональное расписание докладов, добавлять в избранное лучшие, ставить оценки спикерам и вести переписку в экспресс-чатах, которые открываются при сканировании QR-кода с бейджа участника. Доступ в приложение открывается по номеру билета.\r\n\r\nПо традиции мощная зажигательная Afterparty с участием знатока «Что? Где? Когда?» Бориса Белозерова и IT-квизом станет элементом неформального нетворкинга. Вечер будет украшен живой музыкой, бокалами игристого, фуршетом и розыгрышами призов.\r\n\r\nВ 2022 году CrossConf проходила в Иннополисе и собрала более 700 участников из 165 компаний и 30 городов. Более 80 спикеров из технологичных компаний поделились своими лучшими практиками создания IT-продуктов. Партнерами CrossConf’22 выступили Яндекс GO, Friflex, Avito Работа, HH.ru, TenLab, SOK, RCI, Reg.ru, нон-фикшн издательство «Бомбора», кофейный бренд «Сварщица Екатерина», бренд офисной мебели «Kreslo» и другие компании. В составе спикеров были эксперты компаний Яндекс, Сбер, Friflex,  Тинькофф, Альфа, Ozon, Avito, ИВИ, Аврора, Surf, Контур, Ak Bars, СберЗдоровье, СберМаркет, Райффайзенбанк, Сибур, HH.ru, 1С Битрикс, Иннотех и других.	Александра Павлова	Яндекс, Сбер, Friflex,  Тинькофф, Альфа, Ozon, Avito, ИВИ, Аврора, Surf, Контур, Ak Bars, СберЗдоровье, СберМаркет, Райффайзенбанк, Сибур, HH.ru, 1С Битрикс, Иннотех	Берсеневская набережная, 6, стр. 3 СтартХаб	9600.00	2023-05-31 19:00:19.474+00	1	1	2023-09-15 10:00:00+00	2023-09-15 23:00:00+00	
9	PIX RPA митап #7: запуск и масштабирование RPA для профессионалов и новичков	Роботы в массы: как внедрить и масштабировать RPA и какие технологии с ней сочетать.\r\nВнедрение RPA часто становится быстрым способом оптимизации и совершенствования бизнес-процессов на пути к цифровой трансформации. Как возникает решение о старте программной роботизации в компании и кто ее драйвит — бизнес или ИТ-подразделения? Есть ли в компании достаточный объем знаний, экспертизы и технологий, чтобы сделать проект по роботизации успешным?\r\n\r\nВ рамках PIX RPA митап #7 мы решили удовлетворить запросы как новичков, так и профессионалов в области RPA и проведем две тематические сессии — бизнес и техническую. Мы расскажем о простых и сложных кейсах роботизации и покажем будущее платформы PIX RPA.	https://pix.ru/events/meropriyatiya/pix-rpa-meetup-7/	events/image/04_4-min.png	Блок 1: для бизнеса и новичков\r\nЛегкий вход в программную роботизацию\r\nКак найти и оценить бизнес-процессы для автоматизации\r\nЭффективное внедрение RPA: кейсы заказчиков PIX\r\nКому будет актуально: компаниям, которые только задумываются о внедрении RPA и хотят лучше познакомиться с технологией, и тем, уже использует RPA и планирует масштабировать роботов в своей компании.\r\nБлок 2: для технических экспертов \r\nТолько офлайн | 14:00 — «Масштабирование и новые возможности для разработки RPA»\r\nOCR, AI, ML и другие технологии для расширения возможностей RPA\r\nПереход с Windows на Linux: что нужно знать RPA-разработчикам\r\nPIX Master и PIX Studio: что нового\r\nКому будет актуально: клиентам и партнерам PIX, которые хотят первыми увидеть и попробовать новые возможности платформы PIX RPA.	PIX Robotics		Москва	0.00	2023-06-09 13:10:37.88696+00	1	1	2023-06-28 10:30:00+00	2023-06-28 18:00:00+00	
7	III ЕЖЕГОДНЫЙ САММИТ ПО КРИПТОВАЛЮТАМ И БЛОКЧЕЙН - ТЕХНОЛОГИЯМ	Крупнейший саммит по криптовалютам и блокчейн-технологиям, организованный группой компаний Crypto Holding и ассоциацией РАКИБ.\r\nОсновная цель мероприятия - объединить экспертов и участников отрасли, совместно выработать общий план развития индустрии на ближайшие годы.	https://cryptosummit.ru/	events/image/crypto.png	ГЛАВНЫЕ ВОПРОСЫ САММИТА\r\nКак пережить криптозиму?\r\nКак сделать ХХ в ближайшие годы?\r\nКакие тренды на рынке криптовалют?\r\nОсобенности регулирования криптовалют	Crypto Holding	РАКИБ	Music Media Dome, Москва 13-14 сентября 2023 09:00	4500.00	2023-06-09 12:39:11.464179+00	1	1	2023-09-13 09:00:00+00	2023-09-14 18:00:00+00	
8	PYCON RUSSIA	Самая большая и душевная\r\nконференция для python-разработчиков	https://pycon.ru	events/image/pycon_logo_5.png	У нас будет два параллельных трека — Python и Data.\r\nСейчас программный комитет отбирает лучшие заявки. Часть программы уже на сайте, остальная будет опубликована позже.\r\n\r\nТак же вас ждет:\r\nПосещение докладов\r\nОбщение со спикерами в экспертной зоне\r\nБезлимитный нетворкинг\r\nКофе-брейки, обед\r\nРазвлечения и подарки от партнеров	pycon.ru,  IT-People	Selectel	Старт Хаб на Красном Октябре Москва, Берсеневская набережная, 6 стр. 3	22000.00	2023-06-09 12:49:17.336247+00	1	1	2023-07-28 09:00:00+00	2023-07-29 18:00:00+00	
3	Виртуализация от ZStack: новые решения и возможности	ZStack\r\nДОБАВИТЬ В КАЛЕНДАРЬ\r\nПРОГРАММА РЕГИСТРАЦИЯ\r\nКомпания Softline и разработчик ZStack приглашают вас принять участие в вебинаре с обзором решений компании ZStack, который состоится 7 июня в 11:00\r\n\r\nZStack - ведущий поставщик программных решений для организации частных облаков, управления большими вычислительными мощностями, хранилищами и сетями в центрах обработки данных, а также инструментов для организации миграции с решений VMware.	http://webinar.ru	events/image/zstack.png	Что обсудим?\r\n\r\n* ZStack - год на рынке в РФ, что нового? Новые продукты, обновление лицензирования.\r\n\r\n* CStack - VDI в экосистеме ZStack. Возможности.\r\n\r\n* Возможности миграции с VMware\r\n\r\nА также: расскажем об архитектуре решений, какие версии существуют, поговорим о преимуществах использования и успешных кейсах, и, конечно, ответим на все ваши вопросы!\r\n\r\nСпикеры вебинара – ведущие эксперты средств виртуализации и VDI компании ZStack\r\n\r\nПрисоединяйтесь к вебинару 7 июня в 11:00!\r\n\r\nРегистрация на мероприятие обязательна.\r\n\r\nДо встречи на вебинаре!	ZStack	VDI, ZStack		0.00	2023-05-31 19:12:16.274+00	1	\N	2023-06-07 11:00:00+00	2023-06-07 13:00:00+00	
4	Вторая ежегодная конференция ITSMIR 2023 «ИT-суверенитет: мифы и реальность»	Что нужно для построения отечественного ИТ-ландшафта и можно ли его довести до идеала? Есть ли сложности импортозамещения для компаний из разных отраслей? В чем сила российского софта по сравнению с зарубежными вендорами?\r\n\r\nУзнать ответы на эти и другие вопросы, связанные с формированием ИТ-суверенитета, вы сможете 5-7 июня на конференции ITSMIR 2023. В рамках нее крупнейшие представители ритейла, промышленной и телекоммуникационной отраслей поделятся своим опытом внедрения отечественных цифровых продуктов.	https://itsmir.ru/	events/image/itsmir.png	В рамках конференции ITSMIR вы:\r\n\r\nобсудите итоги достижения ИТ-суверенитета за 2022 г., а также – идеи и возможности его развития на ближайшее будущее с учетом всех ограничений;\r\nмаксимально погрузитесь в специфику платформенного подхода к импортозамещению и на конкретных примерах разберете его плюсы и минусы;\r\nсовместно с отечественными поставщиками платформ, производителями ERP и BI, ведущими интеграторами обсудите актуальные тренды развития систем;\r\nузнаете об актуальных критериях “корпоративности” систем управления ресурсами для создания “ERP мечты”;\r\nобсудите с представителями различных отраслей эффективность эксплуатации существующего и нового ИТ-ландшафта;\r\nсоберете экспертные мнения о подходах к реализации технической поддержки и их соответствию западным стандартам.\r\nВместе с представителями «Сургутнефтегаз», «Татнефть», «Лукойл», НПО «Энергомаш», «Северсталь-Инфоком», Судостроительный завод «Северная верфь», а также банков и ретейла вы узнаете, чего уже достигли российские компании в области импортозамещения и что их ждет в будущем в рамках развития ИТ-суверенитета.\r\n\r\nКонференция будет интересна генеральным и исполнительным директорам, руководителям ИТ-подразделений и директорам по цифровой трансформации.	ITSMIR	«Галактика», «СИГМА», «Бизнес Технологии», «Форсайт», VK Cloud, VK Tech	п. Репино, Приморское шоссе, д. 394, литера Б, отель PARK ОТЕЛЬ 4* РЕПИНО CRONWELL	20000.00	2023-05-31 19:17:59.201+00	1	2	2023-06-05 09:30:00+00	2023-06-07 21:00:00+00	
11	Энергопрорыв 2023. Окончание приема заявок	Прием заявок на участие в «Энергопрорыв – 2023» – конкурс инновационных проектов в сфере электроэнергетики для российских разработчиков, продлится до 30 июня 2023 года.\r\n\r\nПАО «Россети» и Фонд «Сколково» ежегодно проводят конкурс инновационных разработок в сфере интеллектуальной электроэнергетики для поддержки развития и внедрения технологий, продуктов и ИТ-решений российских разработчиков для электросетевого комплекса страны.\r\n\r\nЗадачи Конкурса:\r\n\r\nПоиск инновационных решений и технологий в электросетевом комплексе\r\nСоздание условий для внедрения инновационных решений и технологий в ПАО «Россети» и ДЗО\r\nОказание содействия участникам Конкурса в продвижении проектов и разработок для развития и реализации\r\nПривлечение инновационных предприятий, команд ученых и специалистов к решению конкретных научно-технических и инновационных задач в интересах ПАО «Россети»	https://gridology.sk.ru/	events/image/gridology-logo.png	ПАО «Россети» и Фонд «Сколково» ежегодно с 2013 года проводят конкурс инновационных разработок в сфере интеллектуальной электроэнергетики, призванный объединить усилия и знания представителей разных областей науки и техники для создания в России электроэнергетической системы будущего.	Сколково	Россети		0.00	2023-06-09 17:19:07.41033+00	1	1	2023-06-29 10:00:00+00	2023-06-30 18:00:00+00	
15	Тикет есть? А если не найду?	Вебинар будет полезен как начинающим тимлидам, там и более опытным коллегам, которые хотели бы оптимизировать рабочие процессы и снизить свою нагрузку.	https://otus.pw/csws/	events/image/Снимок_экрана_2023-06-09_в_23.16.02.png	На бесплатном вебинаре мы разберём как создание тикетов помогает рабочим процессам в команде, почему это необходимо делать вовремя, и к чему может привести управление без тикетов.	OTUS			0.00	2023-06-09 20:20:41.876408+00	1	\N	2023-06-14 20:00:00+00	2023-06-14 22:00:00+00	
16	Frontend Conf	Самая масштабная офлайн конференция по фронтенду в России.\r\nПочему это нельзя пропустить?\r\n50+ докладчиков, которых мы лично отобрали, среди которых точно будет много интересного.\r\n700++ участников и все из IT - сообщества. И все интересуются тем же, хорошая база для новых знакомств.\r\n2 дня Вы не просто слушаете — вы обсуждаете, оспариваете, соглашаетесь, задаёте вопросы.	https://frontendconf.ru/moscow/2023	events/image/Снимок_экрана_2023-06-09_в_23.07.11.jpg	2 октября\t\t\t\r\nОткрытие\t\t\t\r\nОтказаться от зависимостей и не умереть / Илья Черторыльский (Райффайзен Банк)\tЗнаете, я тоже сам своего рода стример: SSR и Server Components / Антон Петров (Garage Eight)\t\t\t\t\r\nКак мы ускорили мобильную версию ВКонтакте в 4 раза / Тарас Иванов (Вконтакте)\tWebGL: пять приемов работы с анимациями и 3D / Иван Тельтевский (Мэйк)\t\t\t\r\nОбед\r\nХроники CSS / Людмила Мжачих (Вконтакте)\t\t\t\t\t\r\nРефакторинг приложений на JS и не только / Алексей Золотых (МойОфис)\tОбед\t\t\t\t\t\r\nЗагрузка прошла успешно: секреты командной адаптации разных уровней разработчиков / Андрей Смирнов (X5 Tech)\tFigma-Люмус-Максима: как ускорить работу в редакторе без волшебной палочки / Дмитрий Морозов (Почтатех)\t\t\t\t\t\r\nАлло, мы с нижнего этажа, у вас стили протекают / Никита Дубко (Яндекс)\tОценки задач: управление неопределенностью / Александра Прокшина (Авито)\t\t\t\t\t\r\nКогда сгорел дотла / Юлия Ротанина (Райффайзен Банк)\tПрограммируем движение / Никита Балихин (Газпромбанк)\t\t\t\t\r\nAfterparty\t\r\n3 октября\t\t\t\t\t\r\nПуть к безопасному фронтенду. Через велосипеды к комплексной системе анализа кода / Олег Коровин (Самокат)\r\nКак мы переписали форму подачи объявления под Backend-Driven UI / Владимир Кулишин (Циан)\t\t\t\t\t\r\nМикросервис головного мозга. Диспетчерская поверхностей / Михаил Трифонов (Cloud)\t\tИспользование телефона для взаимодействия и расширения UX в веб интерфейсах / Олег Рогов (НЛМК ИТ)\r\nОбед\r\nЧто не так с нашим домом и как с этим жить? / Игорь Костяков (IBS Dunice)\tКак мы развиваем цифровую доступность в B2B-корпорации / Анастасия Суховерхова (Контур)\t\t\t\t\r\nПочему компаниям не нужен архитектор? / Игорь Симдянов (Нетология)\tОбед\t\t\t\t\r\nМетод трёх фичафризов / Дарья Корчуганова (Газпромбанк)\tСоединяя микросервисы: gRPC и стриминг в современных JavaScript-приложениях / Михаил Вовренчук (Почтатех)\t\t\r\nНавыки продаж в разработке / Андрей Кузнецов (РБС)\tАрхитектура большого фронтенда - это ваш бизнес и процессы в командах / Роман Винокуров (Тинькофф)\t\t\r\nТогда мы идем к вам: как выстроить процесс работы с техдолгом внутри компании / Андрей Ермаков (СберМаркет Tech)\t\t\t\t\r\nЗакрытие	Компания  «Онтико» создаёт пространства для обмена опытом между профессионалами	Компания "Синимекс" - ведущий разработчик и интегратор комплексных ИТ-решений для бизнеса.	Москва, Берсеневская наб., 6, стр. 3этаж 4	48000.00	2023-06-09 20:27:49.53967+00	1	1	2023-10-02 10:40:00+00	2023-10-03 19:00:00+00	
19	SmartData	Единственная в России специализированная конференция по инженерии данных.\r\nВ докладах много технической конкретики по всем темам — от отказоустойчивости до MLOps. В этом году спикеры также расскажут и про внутреннее устройство баз данных.	https://smartdataconf.ru/	events/image/Снимок_экрана_2023-06-09_в_23.39.31.jpg	Программный комитет\r\nВладимир Озеров Компания:Querify Labs\r\nМаксим Стаценко Компания:Яндекс\r\nИгорь Мосягин Компания:Klarna\r\nМихаил Марюфич Компания:Одноклассники\r\nВиталий Аксенов Компания:Университет ИТМО\r\nМария Лаврова Компания:JUG Ru Group\r\nДарья Буланова Компания:HelloFresh\r\nМихаил Лукин Компания:Судо\r\nНиколай Марков Компания:Aligned Research Group\r\nАлексей Федоров Компания:JUG Ru Group	JUG Ru Group	Data Events, DE or DIE, Powerful NiFi, Data Engineers	Москва, Ленинградский пр-т, 31А, стр. 1	0.00	2023-06-09 20:46:25.710936+00	1	1	2023-09-13 10:00:00+00	2023-09-14 19:00:00+00	
17	Цифровизация транспорта 2023	На конференции «Цифровизация транспорта 2023» обсудят актуальные вопросы применения цифровых технологий	https://eventtoday.biz/digital-transport-2023	events/image/Снимок_экрана_2023-06-09_в_23.31.17.png	Цифровые технологии меняют все отрасли экономики, в том числе и транспортную. Появился беспилотный транспорт, возможность оптимизировать цепочки поставок, прогнозировать техническое состояние автомобилей и многое другое. Жизнь пассажиров и водителей становится безопаснее, а бизнес может зарабатывать больше. Технологии упрощают сбор данных для улучшения имеющихся методов. Будущие транспортные технологии возможны и могут быть реализованы с помощью Интернета вещей (IoT) путем интеграции данных в реальном времени с подключенных к Интернету устройств.	Сего Дня			20000.00	2023-06-09 20:31:42.226335+00	1	1	2023-09-21 10:00:00+00	2023-09-21 21:00:00+00	
14	Как построить карьеру продакт-менеджера	Присоединяйся и получи знания для карьерного рывка	https://edutoria.ru/mentors/product-web/	events/image/Снимок_экрана_2023-06-09_в_23.10.42.png	Узнаешь, на какие позиции и зарплаты можешь рассчитывать в 2023 году\r\nНа примере сильных продактов увидишь, как избежать карьерных ошибок\r\nПоймёшь, какие 3 навыка развивать, чтобы быть востребованным специалистом	Edutoria	Сбер		0.00	2023-06-09 20:10:59.036425+00	1	\N	2023-06-13 19:00:00+00	2023-06-13 21:00:00+00	
23	AI &BIG DATA	Практический опыт разработки и применения современных технологий по работе с данными для трансформации бизнеса, кейсы оптимизации процессов при разработке ПО для работы с Big Data и получении качественных данных	https://techweek.moscow/data_day	events/image/Снимок_экрана_2023-06-10_в_00.10.50.jpg	РОБОТИЗИРОВАННАЯ АВТОМАТИЗАЦИЯ ПРОЦЕССОВ. CHAT GPT И ДРУГИЕ ИНСТРУМЕНТЫ ДЛЯ БИЗНЕСА\r\n— RPA в финансах и бухгалтерском учёте\r\n— Повышение качества и минимизация брака. Кейсы\r\n— Модернизация предприятий путем автоматизации, роботизации с внедрением роботов и коботов\r\n— Как GPT увеличивает продуктивность. Потенциал GPT для бизнеса\r\n— ИИ для подбора персонала: чат-боты, виртуальный помощник, системы анализа кандидатов\r\n— Автоматизация рутинной коммуникации: чат-боты\r\n— No-code технологии для работы с данными, как самому собрать на базе коробочных решений\r\nИСПОЛЬЗОВАНИЕ ИСКУССТВЕННОГО ИНТЕЛЛЕКТА И МАШИННОГО ОБУЧЕНИЯ В БИЗНЕСЕ\r\n— Голосовой помощник\r\n— Компьютерное зрение\r\n— Машинное обучение в промышленности\r\n— Примеры машинного обучения в медицине\r\nТЕХНОЛОГИИ, РАБОТАЮЩИЕ С ИИ И БОЛЬШИМИ ХРАНИЛИЩАМИ ДАННЫХ, АНАЛИТИКА ДЛЯ КОМПАНИЙ ЛЮБОГО РАЗМЕРА\r\n— Использование ИИ при организации хранилища данных - Имитационное моделирование\r\n— IoT-устройства для анализа дорожного состояния\r\n— Методы принятия решений на основе анализа данных\r\n— Автоматизация рутинных операций\r\n— Повышение эффективности процессов планирования и прогнозирования\r\nМЕТОДЫ ПРОГНОЗИРОВАНИЯ И АНАЛИЗА В БИЗНЕСЕ ПРИ ПОМОЩИ ИИ\r\n— Как анализируют большие данные, чтобы получить максимум прибыли\r\n— Краудсорсинг. Как это работает - Смешение и интеграция данных\r\n— Предиктивная аналитика и big data	ООО "Новые технологии"		г. Москва, тер. Сколково Инновационного Центра, бул. Большой, д. 42, стр. 1	31000.00	2023-06-09 21:23:15.016915+00	1	\N	2023-06-28 10:00:00+00	2023-06-30 19:00:00+00	
24	ИнфоБЕРЕГ	XXII Всероссийский форум «Информационная безопасность. Регулирование. Технологии. Практика. ИнфоБЕРЕГ», организатором которого выступает Академия Информационных Систем.\r\nЦелью Форума является обсуждение актуальных вопросов обеспечения информационной безопасности в стратегически важных отраслях экономики, государственном секторе, обороне и ВПК, прямой диалог представителей отрасли и регуляторов, обмен опытом, повышение информированности о новых угрозах и тенденциях в области защиты информации и импортозамещения ИТ и ИБ на российских предприятиях.	https://vipforum.ru/conferences/infobereg/	events/image/Снимок_экрана_2023-06-10_в_00.25.15.jpg	6 сентября. Первый день форума\r\n09:00 – 10:00\r\nРегистрация и знакомство участников, приветственный кофе\r\n10:00 – 12:00\r\nОткрытие форума и пленарное заседание. Российский рынок информационной безопасности. Слово лидерам.\r\n12:00 – 12:20\r\nПерерыв\r\n12:20 – 14:00\r\nСессия 2 (круглый стол). Информационная безопасность регионов\r\n14:00 – 15:00\r\nОбед\r\n15:00 – 16:20\r\nСессия 3. Обеспечение безопасности критической информационной инфраструктуры. ГосСОПКА и SOC\r\n16:20 – 16:30\r\nПерерыв\r\n16:30 – 18:00\r\nСессия 4 (дискуссия). Дискуссия «Говорят Заказчики»\r\n15:00 – 18:00\r\nСессия 5. Закрытая сессия Государственной корпорации «Ростех»\r\n7 сентября. Второй день форума\r\n10:00 – 11:40\r\nПленарное заседание. Проблемы доверенных программно-аппаратных комплексов (ПАК). Трансформация элементной базы. Переходный период\r\n11:40 – 12:00\r\nПерерыв\r\n12:00 – 14:00\r\nСессия 6 (дискуссия). Российские процессоры, операционные системы и прикладное программное обеспечение: доступность, защищённость, экосистемность\r\n14:00 – 15:00\r\nОбед\r\n10:00 – 14:00\r\nСессия 5. Закрытая сессия Государственной корпорации «Ростех»\r\n16:00 – 17:30\r\nСессия 7 (круглый стол). Сессия Партнёра	АКАДЕМИЯ ИНФОРМАЦИОННЫХ СИСТЕМ	ООО «ГЕТМОБИТ»	Россия, 354349, Краснодарский край, пгт Сириус, ул. 65 лет Победы, д. 50	25000.00	2023-06-09 21:40:57.791765+00	1	23	2023-09-06 09:00:00+00	2023-09-07 17:30:00+00	
20	CLIENT SERVICE FORUM 2023	Сбор и детальный анализ данных, формирование персонализированных предложений на его основе, детальный анализ Customer Journey Map, бесшовная омниканальная коммуникация	https://interforums.ru/cs23/program	events/image/Снимок_экрана_2023-06-09_в_23.43.23.png	Сбор обратной связи от клиентов\r\nФиксация и обработка обращений\r\nЗамыкание и анализ обратной связи\r\nКак завоевать доверие партнера: правильная партнерская программа.\r\nПочему партнер иногда «прячет» клиентов\r\nКак помочь партнерам сохранить клиентов: «сообразим на троих»\r\nПрограмма лояльности – одна на всех	Интерфорум			49900.00	2023-06-09 20:48:42.271487+00	1	1	2023-06-21 10:00:00+00	2023-06-23 18:00:00+00	
25	ArchDays	Конференция по архитектуре IT-решений ArchDays\r\nМы определяем цель конференции как «распространение имеющихся и создание новых знаний об архитектуре  программных решений».\r\nМы решили пойти дальше принятого формата и в дополнение к докладам, преследующим своей целью распространение знаний, попытаться найти решения еще не решенных проблем в архитектуре.	https://archdays.ru/#about_conference	events/image/Снимок_экрана_2023-06-10_в_00.52.23.png	Тематики конференции:\r\nПроцессы проектирования\r\nИнструменты проектирования\r\nПрактики проектирования\r\nОбучение архитектуре\r\nСобственная разработка\r\nПрограмма формируется, в ней будет около 35 выступлений, идущих параллельно в 5 залах.	ScrumTrek		Москва	24900.00	2023-06-09 21:56:49.01978+00	1	1	2023-10-27 10:00:00+00	2023-10-27 18:00:00+00	
26	ФОРУМ ЭДО'2023 - ПРАКТИКА	ПРАКТИКА IV Всероссийский форум по электронному документообороту\r\nРуководители и эксперты в области ЭДО, в сфере применения электронной подписи, удостоверяющих центров, трансграничного взаимодействия, бухгалтерской отчетности обсудят практику внедрения цифровых технологий в коммерческих и бюджетных организациях, а также государственных учреждениях.	https://vipforum.ru/conferences/forum_edo_2023/	events/image/Снимок_экрана_2023-06-10_в_01.12.40.jpg	ПРОГРАММА МЕРОПРИЯТИЯ\r\n7 июня\r\n09:00 - 10:00\r\nРегистрация участников\r\n10:00 - 12:00\r\nПленарное заседание\r\n12:00 - 12:10\r\nПерерыв\r\n12:10 - 13:30\r\nСессия 1. Рынок ЭДО — актуальные вопросы\r\n13:30 - 14:30\r\nОбед\r\n14:30 - 16:00\r\nСессия 2. Практика маркировки товаров\r\n16:00 - 16:10\r\nПерерыв\r\n16:10 - 18:00\r\nСессия 3. Цифровизация основных отраслей экономики\r\n16:10 - 17:30\r\nЗакрытая сессия «ЭДО для рынка алкогольной продукции»\r\n18:00 - 19:00\r\nТехнологические форматы ЭДО: дискуссия о судьбе подписи в технологических документах B2B\r\n8 июня\r\n10:00 - 11:30\r\nСессия 4. Машиночитаемые доверенности\r\n11:30 - 11:40\r\nПерерыв\r\n11:40 - 13:15\r\nСессия 5. Практика применения электронной подписи\r\n13:15 - 13:25\r\nДа пребудет с вами удача! Розыгрыш аэропутешествия от ГК Астрал\r\n13:25 - 14:15\r\nОбед\r\n14:15 - 15:40\r\nСессия 6. Практика внедрения электронных транспортных накладных\r\n15:40 - 15:50\r\nПерерыв\r\n15:50 - 17:20\r\nСессия 7. Цифровизация государственного сектора\r\n17:20 - 17:30\r\nПерерыв\r\n17:30 - 19:00\r\nСессия 8. Практика организации кадрового ЭДО	АКАДЕМИЯ ИНФОРМАЦИОННЫХ СИСТЕМ	Контур, 1С, Сбер КОРУС, Астрал, Э-Д-О	Московская область, Солнечногорский район, с.п. Смирновское, д. Дулепово, Отель «Солнечный», стр. 21	18000.00	2023-06-09 22:14:11.752463+00	1	24	2023-06-07 09:00:00+00	2023-06-08 19:00:00+00	
30	Big Data и Artificial Intelligence Day 2023	Конференция TAdviser "Artificial Intelligence Day 2023", которая состоится 10 октября 2023 г., – это площадка для обсуждения актуальных вопросов внедрения интеллектуальных систем и ИТ-решений в практическую жизнь бизнеса.\r\n\r\nПриглашаем поставщиков ИИ-решений и компании, заинтересованные во внедрении интеллектуальных систем, встретиться на площадке TAdviser "Artificial Intelligence Day 2023" для того, чтобы получить полное объективное представление о запросах российского Enterprise-сегмента и возможностях интеллектуализации ИТ, которые предоставляют отечественные поставщики ИИ-решений.	https://www.tadviser.ru/index.php/%D0%9A%D0%BE%D0%BD%D1%84%D0%B5%D1%80%D0%B5%D0%BD%D1%86%D0%B8%D1%8F:Artifical%C2%A0Intelligence_Day_2023	events/image/123.jpg	В ходе конференции предполагается осветить следующий круг вопросов:\r\n\r\nРыночные перспективы и прогнозы внедрения ИИ-решений в российских компаниях.\r\nСоотношение спроса и предложения ИИ-решений в условиях отсутствия на рынке глобальных вендоров. Опыт импортозамещения ИИ-решений западных вендоров.\r\nИИ для поддержки принятия решений на разных уровнях: функциональное направление, компания, город, регион, отрасль, федеральный уровень. Современные ситуационные центры и их интеллектуальные возможности. Опыт внедрений.\r\nИнтеллектуальные аналитические решения. Основные сегменты, достижения, опыт реальных внедрений.\r\nПерсонализированная аналитика. Self-service аналитика. ИИ-инструментарий современного аналитика.\r\nИнтеллектуальная обработка больших данных. Структурированные и неструктурированные данные. Вопросы точности, достоверности и актуальности исходных данных для ИИ-систем поддержки принятия решений. Real-time аналитика .\r\nХранилища данных с элементами ИИ. ИИ-модели данных. Актуальные области применения. Опыт реальных внедрений.\r\nПередовые решения ИИ для задач распознавания речи, видео, текстов. Особенности применения в реальных задачах компаний.\r\nИнформационные технологии для создания интеллектуальных информационных систем: объектные хранилища, графовые СУБД, семантические модели данных и т.д.\r\nТехнологии машинного обучения для различных корпоративных задач. Жизненный цикл ML-моделей. ModelOps. AIOps.\r\nИИ-решения в контексте корпоративных информационных систем: вопросы интеграции, обмена данными.\r\nКадры для создания, внедрения и поддержки передовых ИИ-систем. Собственная или заказная разработка? Практический опыт.\r\nОбщедоступные и коммерческие репозитории ИИ-моделей и ИИ-инструментов.	TADVISER			0.00	2023-06-10 00:24:39.349516+00	1	1	2023-10-10 00:00:00+00	2023-06-11 00:00:00+00	
27	ЛИДЕРЫ ЦИФРОВОЙ ТРАНСФОРМАЦИИ 2023	Самый масштабный хакатон страны ЛЦТ вновь объединяет талантливых специалистов из России и других стран мира.\r\n\r\nРазработайте цифровое решение одной из 21 актуальной задачи от города и крупного бизнеса на 5-м юбилейном хакатоне Мэра Москвы. Стань частью главного IT-события 2023 года!	https://leaders2023.innoagency.ru/	events/image/2023-06-10_08-17-21.png	23 МАРТА — 21 МАЯ Прием заявок\r\n18 МАЯ — 28 МАЯ Разработка решений\r\n29 МАЯ — 4 ИЮНЯ Техническая экспертиза\r\n5 ИЮНЯ Объявление финалистов\r\n10 — 12 ИЮНЯ   Финал хакатона	Агенство инноваций Москвы	Cloud.ru, DS Works, TADA Team, MBQ и другие		0.00	2023-06-09 23:28:02.343912+00	1	1	2023-05-23 00:00:00+00	2023-06-12 00:00:00+00	
36	Лидеры цифровой трансформации 2023	Самый масштабный хакатон страны ЛЦТ вновь объединяет талантливых специалистов из России и других стран мира.	https://xn--80aa3anexr8c.xn--p1acf/tpost/43kosnp0h1-lideri-tsifrovoi-transformatsii-2023	events/image/Снимок_экрана_2023-06-10_в_10.10.15.png	Разработайте цифровое решение одной из 21 актуальной задачи от города и крупного бизнеса на 5-м юбилейном хакатоне Мэра Москвы.	Правительство Москвы		Москва	0.00	2023-06-10 07:11:40.780541+00	1	\N	2023-03-23 10:00:00+00	2023-06-12 18:00:00+00	
33	Новая реальность. AR, VR, и нейросети — для дела или для забавы?	Приглашаем обсудить за круглым столом следующие вопросы:\r\n\r\nЧто происходило на рынке решений AR/VR после пандемии и событий 2022 года: что изменилось? Как на отрасль повлияли санкции, события в экономике, тренд на «удаленку»?\r\nС чем связан бурный рост популярности нейросетей?В каких сегментах он наиболее заметен? Для чего их используют сегодня чаще всего?\r\nА в каких отраслях сегодня активно используют «реальности» — дополненную и виртуальную? Где самый высокий спрос на подобные решения и почему?\r\nКак AR, VR применяют в промышленности и бизнесе?\r\nКак AR, VR и нейросети служат в сфере развлечений, отдыха и образования?\r\nЧто дает компаниям применение таких технологий? Каких инвестиций и затрат требует и сколько удается заработать или сэкономить?\r\nЧто происходит на рынке технологий и оборудования -каковы цены на них? Есть ли проблемы с ПО, поставками и обслуживанием оборудования?	https://www.fontanka.ru/2023/04/14/72220718/	events/image/05.png	По итогам 2022 года мировая отрасль устройств виртуальной (VR) и дополненной (AR) реальности сократилась по сравнению с 2021-м на 20,9%. Такие данные приводятся в исследовании IDC. При этом потенциал роста огромен: по прогнозам аналитиков, к 2027 году ожидается, что мировой рынок VR вырастет до $92,31 млрд. Виртуальная реальность помогает учиться студентам вузов и школьникам, продавать ретейлерам и даже проектировать нефтяные скважины и обучать врачей. По данным Statista, к 2025 году ожидается увеличение пользователей VR в розничном секторе до 31,5 миллиона человек. Согласно исследованию PwC, к 2030 году виртуальная реальность затронет около 23 миллионов рабочих мест. В общем, будущее виртуальной и дополненной реальности интересует многих. О том, что реально сейчас происходит в России — поговорим на круглом столе.\r\n\r\nК участию в круглом столе приглашаются компании, разрабатывающие и применяющие AR и VR, а также эксперты отрасли.	Фонтанка			1000.00	2023-06-10 02:47:18.699228+00	1	2	2023-06-18 20:00:00+00	2023-06-18 18:00:00+00	
35	DevOops. Конференция по инженерным решениям и DevOps-культуре	DevOops — конференция от JUG Ru Group, посвященная практикам DevOps. Она объединяет специалистов по разработке и эксплуатации, чтобы в итоге все могли релизить чаще, а чинить быстрее и надежнее.	https://devoops.ru	events/image/Снимок_экрана_2023-06-10_085724.png	Смотреть на сайте организатора	JUG Ru Group,	VK,	Отель МонАрх: Ленинградский пр-т, 31А, стр.	15000.00	2023-06-10 05:57:49.374007+00	1	1	2023-09-17 10:00:00+00	2023-09-18 22:00:00+00	
31	VK Cloud Conf 2023	Российский ИТ-рынок сильно изменился. Сегодня каждая крупная российская компания, которая стремится к росту, вынуждена развивать собственную разработку, создавать свои цифровые решения. Для многих это новое направление, тернистое и непонятное, на пути к которому придется сломать немало копий и справиться со множеством вызовов. \r\n\r\nВ то же время большинство вопросов современной разработки — инструментарий, ресурсы, процессы — общие для разных отраслей. На VK Cloud Conf ведущие эксперты VK и крупнейших российских компаний поделятся своим опытом и практическими примерами организации процессов разработки, работы с данными и обеспечения информационной безопасности в облаке. \r\n\r\nВы узнаете, как и с помощью каких инструментов и подходов сократить время вывода новых разработок на рынок, уменьшить стоимость и повысить эффективность тестирований. Мы поговорим об интеграции продуктового подхода на всех этапах жизненного цикла ПО и быстром внедрении процессов DevSecOps.	https://mcs.mail.ru/events/vk-cloud-conf23	events/image/2023-06-10_09-37-03.png	Регистрация 12:00 — 13:00 Павел Гонтарев Руководитель VK Tech\r\n\r\nОткрытие конференции 13:05 — 13:10 Михаил Тутаев Директор по продукту, VK Cloud\r\n\r\nТренды в облаках и будущее VK Cloud 13:10 — 13:25  Ольга Латыпова Первый заместитель начальника Управления ИТ ПАО «Сургутнефтегаз»\r\n\r\nТрансформация в стремлении к ИТ-суверенитету 13:25 — 13:45 Панельная дискуссия\r\n\r\nРабота в облаках: фокус на безопасность 13:45 — 14:15 Модератор: Иван Шубин, Бизнес-партнер по информационной безопасности в VK\r\n\r\nСпикеры:\r\n- Борис Фролов, Руководитель службы заказчика, Генеральная Дирекция АО «Лада-Имидж»\r\n- Денис Кораблев, Управляющий директор, директор по продуктам Positive Technologies\r\n- Дмитрий Шмойлов, Руководитель отдела безопасности программного обеспечения, Лаборатория Касперского\r\n\r\nОбед 14:15 — 15:15\r\n\r\nДанные без ограничений. Как платформы становятся главным драйвером развития Data-проектов 15:15 — 15:45 - Ольга Свитнева, Менеджер продукта Data Platform, VK Cloud\r\n- Александр Волынский, Технический менеджер продукта Сloud ML Platform, VK Cloud\r\n\r\nПанельная дискуссия Большие данные — большие вызовы? Опыт российского бизнеса\r\n15:45 — 16:15 Все чаще именно облако становится инструментом для построения систем по работе с Big Data, ML. Однако построение Data-решений в облаках требует новых подходов к проектированию архитектуры и к разработке.	VK Cloud	smartgopro, ENSO, Открытые системы и другие	Москва	0.00	2023-06-10 00:43:28.887487+00	1	1	2023-06-08 12:00:00+00	2023-06-08 23:00:00+00	
39	Серия лекций по ИИ в рамках AI Journey 2023	На территории кампуса Дальневосточного федерального университета в рамках Первого Цифрового МедиаСаммита состоится серия образовательных лекций в рамках ежегодной международной конференции по искусственному интеллекту AI Journey – «Путешествие в мир искусственного интеллекта». Ведущие российские учёные и исследователи расскажут о трендах в AI/ML, примерах разработки и внедрения нейросетей в обществе и бизнесе, обсудят этические нормы регулирования ИИ.	https://sbidea.ru/AIJRegions2023	events/image/01__.jpg	С апреля по июнь состоится серия лекций в рамках ежегодной конференции по искусственному интеллекту и машинному обучению AI Journey, где ведущие российские учёные и исследователи расскажут, какой вклад в развитие страны вносят технологии искусственного интеллекта и какую пользу приносят людям	Сбер (Сбербанк)			0.00	2023-06-10 07:33:16.244258+00	1	22	2023-06-10 10:30:00+00	2023-06-10 18:00:00+00	
37	HR Лето	Путь сотрудника\r\nот соискателя до амбассадора	https://hrleto.ru/	events/image/Снимок_экрана_2023-06-10_в_10.13.58.png	Подискутируем, найдем инсайты, решения и вдохновение про умное управление талантами, построение HR экосистемы, развитие сотрудников, удержание и благополучие, посмотрим на реальные решения, лайфхаки и кейсы.\r\nВыступления спикеров. Пройдемся по болевым точкам от вовлечения до удержания персонала. Рассмотрим все, что болит, горит, где ищутся ответы и решения, где стоят самые большие вопросы.	Skillaz			0.00	2023-06-10 07:16:56.998117+00	1	1	2023-06-14 10:00:00+00	2023-06-14 18:00:00+00	
34	ЕЖЕГОДНАЯ ИТ-КОНФЕРЕНЦИЯ IT IS CONF	14 июля в Екатеринбурге состоится конференция о трендах в ИТ и ИБ — IT IS conf. Мероприятие проводится при поддержке Министерства цифрового развития и связи Свердловской области.\r\nЕжегодно на мероприятии эксперты в сфере информационных технологий и безопасности со всей страны, руководители ИТ-компаний, главы профильных министерств и представители бизнес-структур обмениваются опытом и актуальной информацией о трендах на ИБ-рынке.\r\n\r\nТемы конференции:\r\n- эффективное управление киберрисками;\r\n- новые возможности для отечественных вендоров;\r\n- прорывные технологии кибербезопасности;\r\n- стратегии развития рынка ИТ в условиях санкций.\r\n\r\nУчастников ждет:\r\n50+ спикеров поделятся своим опытом и ответят на злободневные вопросы;\r\n50+ инновационных решений в арсенале партнеров мероприятия;\r\n10+ секций, дискуссий и пленарных заседаний в деловой программе.	https://itisconf.ru	events/image/Снимок_экрана_2023-06-10_082014_Zy3f11W.png	Пленарное заседание «От кибервыживаемости к киберстабильности»\r\n\r\nПанельная дискуссия «Новая технологическая платформа»	ООО «УЦСБ»	Positive Technologies, F+ tech	AZIMUT Сити Отель Аэропорт Екатеринбург, ул. Бахчиванджи, д. 55а Проводится при поддержке Министерства цифрового развития и связи Свердловской области  + ОНЛАЙН	15000.00	2023-06-10 05:20:51.835349+00	1	3	2023-07-14 09:00:00+00	2023-07-14 22:00:00+00	
22	Арктек Дата	Технологический конкурс по созданию MVP цифровых сервисов на основе датасетов для развития Арктики	https://arctech.center/arctech-data	events/image/Снимок_экрана_2023-06-09_в_23.57.10.png	Разработайте MVP на основе реальных данных, который поможет оценить, сравнить экологическую ситуацию в городе, регионе, улучшить систему экологического мониторинга и предоставить инструменты для управления ситуацией.	Минвостокразвития			0.00	2023-06-09 20:59:26.51542+00	1	\N	2023-06-19 10:00:00+00	2023-08-11 18:00:00+00	
21	BANKS IT DAY 2023	Kакие актуальные вопросы цифровизации волнуют сегодня финансовую отрасль страны, и каким образом учреждения отрасли ищут достойные ответы на эти вопросы	https://www.tadviser.ru/index.php/Конференция:Banks_IT_Day_2023_2	events/image/Снимок_экрана_2023-06-09_в_23.53.42.png	Новая финансовая реальность: цифровой рубль, новые виды трансграничных расчетов, меняющиеся бизнес-модели в условиях геополитических сдвигов. Факторы, влияющие на цифровизацию российской финансовой отрасли: импортозамещение и не только.\r\nОтечественный стек системного и прикладного ПО для банков. Новые ИТ-инструменты для финансовой отрасли. Блокчейн в банковских системах.\r\nИмпортозамещение банковского оборудования (банкоматы и ПО банкоматов) и высокопроизводительных банковских решений: продукты, решения, успешные проекты.\r\nОблачные решения для ИТ-систем российских банков: безопасность, производительность, масштабируемость. Миграция в безопасную облачную среду.	Tadviser			2000.00	2023-06-09 20:54:02.970896+00	1	1	2023-10-04 10:00:00+00	2023-10-04 18:00:00+00	
13	Пиэмная: митап для руководителей ИТ-проектов	Менеджеры проектов ЮMoney, СберЗдоровье и приглашенный эксперт Анна Обухова расскажут про методы управления командой и работу с проектами	https://events.yoomoney.ru/pm_meetup_2023	events/image/Снимок_экрана_2023-06-09_в_22.54.31.png	Путь трёх досок в планировании задач\r\nАся Задесенец\r\nменеджер проектов в СберЗдоровье\r\nОсновная задача команды — выстроить прозрачные процессы на каждом этапе работы. Для нас стало серьёзным испытанием настроить работу так, чтобы следить за процессами: от идеи заказчика до релиза. Расскажу, как мы этого добились.\r\n\r\nКак дать обратную связь так, чтобы ей захотели следовать\r\nАнна Обухова\r\nэксперт по гибким методологиям\r\nРассмотрим структуры мозга, которые могут воспринять обратную связь как награду и как угрозу, и обсудим, как направить сообщение в сторону награды и желания действовать.\r\n\r\nЗаписки тренера или профессиональный спорт в управлении проектами\r\nДмитрий Ласт\r\nстарший менеджер проектов ЮMoney\r\nПредлагаю заглянуть в мир профессионального спорта и провести параллели между задачами тренера спортивной команды и менеджера по управлении проектами. Вместе посмотрим на известные проблемы по-новому, определим какие роли выполняет тренер, и что означает «чувствовать раздевалку».	ЮMoney			0.00	2023-06-09 19:56:45.190671+00	1	\N	2023-06-23 10:00:00+00	2023-06-23 13:45:00+00	
12	Освой ChatGPT за 2 дня. PRO	Сэкономишь 520 часов в год, выполняя рутинные задачи с помощью ИИ-сервисов\r\n2 дня по 5 часов. теория без воды. \r\n19+ инструментов для продакт-менеджера\r\n15+ инструментов для маркетолога\r\n11+ инструментов для продаж\r\n9 инструментов для бизнес-консультантов	https://online.trackacademy.ru/gpt	events/image/Снимок_экрана_2023-06-09_в_22.49.39.png	10:00 Подключение участников. Техническая информация\r\n\r\n\r\n10:15 Вводная часть и знакомство. Алексей Красов\r\n\r\nКонструирование запросов для ChatGPT (prompt-engeneering). Как выстроить диалог, чтобы получить максимальную пользу\r\n\r\nОбучение ИИ под себя. Как обогатить контекст, на который ИИ будет опираться в своих ответах\r\n\r\nВалидация ответов. Как уличить ИИ в фантазиях и лжи и что с этим делать\r\n\r\n\r\n10:30 Решение бизнес-задач с помощью ChatGPT4 и ИИ-сервисов\r\n\r\nГенерируем/концепт идею продукта\r\nОпределяем гипотезы сегментов ЦА\r\nГенерируем гипотезы ценности для ЦА\r\nСоздаем список вопросов для интервью\r\nПодбираем нейминг\r\nГенерируем фирменный стиль\r\nСоздаем изображения\r\nРаботаем с дизайном сайта (прототип из скриншотов)\r\nСоздаем лендинг\r\nГенерируем презентацию\r\nСоставляем бриф\r\n\r\n11:30 Самостоятельная работа участников. Ответы на вопросы\r\n\r\n\r\n12:30 Разбор кейса. Николай Васильев\r\n\r\nНа примере продвижения школы гончарного мастерства в маленьком провинциальном городе сгенерируем:\r\n\r\n\r\nконтент-стратегию, контент-план и посты на месяц (ChatGPT)\r\nотработаем создание постов с применением методик сторителлинга и скользкой горки Шугермана (ChatGPT)\r\nполучим адекватную графику для постов через бесплатные ИИ-генераторы изображений с использованием ИИ-переводчика\r\nсгенерируем структуру и наполнение лендинга (ChatGPT, Битрикс24)\r\nнапишем текст и оформим презентацию для получения гранта (сервисы с ИИ)\r\n\r\n\r\n13:50 Ответы на вопросы	Академия трекеров	Школа стартапов Сколково	Dindex	4990.00	2023-06-09 19:50:48.268191+00	1	\N	2023-06-10 10:00:00+00	2023-06-11 13:45:00+00	
18	VII Всероссийский форум по маркетингу в сфере B2B	Форум по B2B маркетингу для директоров по маркетингу, директоров по развитию B2B компаний	https://interforums.ru/b2b23/home	events/image/Снимок_экрана_2023-06-09_в_23.37.18.png	Цифровизация маркетинга - аналитика и инструменты\r\nЛидогенерация для b2b\r\nМаркетинг на рынке b2b-услуг\r\nАнализ CJM в b2b	Интерфорум			49900.00	2023-06-09 20:41:10.40292+00	1	1	2023-11-23 10:00:00+00	2023-11-23 21:00:00+00	
38	XXI НАЦИОНАЛЬНАЯ КОНФЕРЕНЦИЯ ПО ИСКУССТВЕННОМУ ИНТЕЛЛЕКТУ С МЕЖДУНАРОДНЫМ УЧАСТИЕМ (КИИ-2023)	Конференция проводится Российской ассоциацией искусственного интеллекта (РАИИ)\r\nсовместно с Федеральным исследовательским центром «Информатика и управление»\r\nРАН, филиалом Национального исследовательского университета «МЭИ» в г. Смоленске\r\n(филиал НИУ «МЭИ» в г. Смоленске) при поддержке Администрации Смоленской области.	http://rncai2023.raai.org/	events/image/Снимок_экрана_2023-06-10_в_10.23.43.png	Инженерия знаний (модели и методы представления, приобретения знаний, онтологии)\r\nИнтеллектуальный анализ данных, интеллектуальный анализ текстов\r\nКогнитивные, психологические и биометрические исследования в искусственном интеллекте, философские проблемы искусственного интеллекта\r\nИнтеллектуальные агенты, роботы, интеллектуальное управление, компьютерное зрение\r\nНечеткие модели, мягкие измерения и вычисления, моделирование рассуждений\r\nМашинное обучение, нейросетевые методы, нейроинформатика\r\nИнструментальные системы, фреймворки для создания интеллектуальных систем. Технологии проектирования и разработки интеллектуальных систем. Прикладные интеллектуальные системы	1	Федеральный исследовательский центр «Информатика и управление» РАН		5000.00	2023-06-10 07:24:45.618657+00	1	25	2023-10-16 10:00:00+00	2023-10-20 18:00:00+00	
29	WEEKEND OFFER Mobile	Для разработчиков с опытом не менее трёх лет для iOS, Android, Flutter.\r\nОфер в Яндекс за 2 дня.\r\n\r\nВ Weekend Offer Mobile участвуют сервисы и команды, которые готовы предложить работу в любом офисе России и Беларуси. Некоторые из участвующих команд также нанимают в наши международные хабы: Армению, Казахстан, Сербию.\r\nБолее детальную информацию вы сможете получить у рекрутера после успешного прохождения Контеста.	https://yandex.ru/project/events/wo-mobile-0623	events/image/image111.jpg	до 14 июня 3 задачи онлайн - Зарегистрируйтесь, получите доступ к задачам в Яндекс Контесте и наберите не менее 100 баллов, чтобы пройти на следующий этап.\r\n\r\n17 июня 2 секции с кодом - Мы предложим вам пройти два технических собеседования.\r\n\r\n18 июня Финалы и презентация офера - Познакомьтесь с нанимающими командами и получите офер в этот же день.	Яндекс			0.00	2023-06-10 00:16:27.302953+00	1	\N	2023-06-17 00:00:00+00	2023-06-18 18:00:00+00	
32	ЦОД 2023 Санкт-Петербург	В этом году наша отрасль, как и вся страна, находится в непростых условиях жестких санкций. Но возникшие трудности не отменяют ее развитие. Цифровая инфраструктура, и ЦОДы как ее основа, становятся все более важными для экономики, государственного управления, социальной жизни. Масштаб и количество крупных ЦОДов увеличиваются, активно создаются дата-центры в регионах, растет потребность в небольших объектах, edge-ЦОДах, расположенных в непосредственной близости к потребителям услуг. В целом увеличивается спрос на экспертизу, услуги и решения в области ЦОДов.\r\n \r\nНа конференции предполагается рассмотреть все основные аспекты создания и эксплуатации ЦОДов, а также предоставления услуг дата-центров в новых условиях.\r\n \r\nВ фокусе конференции:\r\n\r\n Рынок ЦОДов и облачных сервисов СЗФО. Аналитика\r\n Цифровая трансформация государства и бизнеса\r\nЦОДы нового поколения. Технологические тенденции\r\n Периферийные вычисления. Edge-ЦОДы\r\n Автоматизация как инструмент повышения надежности	https://spb.dcforum.ru/	events/image/04.png	Вопросы:\r\nПочему глобальные коммерческие дата-центры идут в другие сегменты рынка инфраструктуры телекома? Пойдут ли российские по этому пути? При каких условиях это может произойти? \r\nКакие условия позволят операторам ЦОДов играть бОльшую / более значимую роль на российском рынке цифровой инфраструктуры?\r\nДостаточно ли для этого принятия поправок к ФЗ «О связи» (а именно, принятие определения ЦОДа)? Будут ли эти поправки стимулировать к более амбициозным целям?\r\nДевелоперы – конкуренты или партнеры на рынке коммерческих дата-центров? Насколько может быть успешным партнерство  дата-центров и девелоперов? \r\nНасколько строительство дата-центров важно для усиления роли столичных операторов ЦОДов? Типична или уникальна ситуация развития рынка КЦОДов в Санкт-Петербурге для других регионов?\r\n \r\nУчастники:\r\nАлексей Забродин, технический директор, «Ростелеком-ЦОД»\r\nПавел Кулаков, генеральный директор, Oxygen\r\nИлья Хала, генеральный директор, 3data\r\nЕвгений Вирцер, генеральный директор «Свободные Технологии Инжиниринг», сооснователь ГК Key Point\r\nАндрей Аксенов, генеральный директор, IXcellerate\r\nДмитрий Горкавенко, директор по развитию бизнеса, iKS-Consulting	ИКС-МЕДИА			0.00	2023-06-10 02:41:21.501017+00	1	2	2023-06-15 10:30:00+00	2023-06-15 18:00:00+00	
28	Онлайн-урок "Demo-версия курса "Web-разработчик". Первый урок"	Данный онлайн-урок — уникальная возможность познакомиться с основами программирования и понять, чем занимается веб-разработчик. \r\n\r\nПрофессия "веб-разработчик" является одной из самых востребованных и перспективных в IT-сфере. Однако, чтобы стать профессионалом, необходимо получить определенные знания и навыки в этой области. \r\n\r\nПервый онлайн-урок поможет вам понять, подходит ли вам данная профессия, и даст возможность познакомиться с основами программирования.	https://nordic-it-school.timepad.ru/event/2439785/	events/image/poster_event_2439785.jpg	Вы поработаете с изображениями и позиционированием элементов на странице;\r\nполучите как теоретические, так и практические знания для лучшего усвоения материала;\r\nмы ответим на ваши вопросы в прямом эфире.\r\nНе упустите возможность начать свой путь в IT-индустрии вместе с нами! Записывайтесь на онлайн-урок уже сегодня и получите ценный опыт и знания в веб-разработке.	Nordic IT School: https://inordic.ru/			0.00	2023-06-09 23:48:26.3558+00	1	\N	2023-06-14 14:00:00+00	2023-06-14 16:00:00+00	
6	GAMEDEV WEEKEND	ЧТО ТАКОЕ GAMEDEV WEEKEND?\r\nЭто два дня отдыха и общения среди людей, увлеченных разработкой мобильных и компьютерных игр и всем, что с этим связано!\r\nЭто интересные доклады и жаркие дискуссии с самыми яркими представителями индустрии.\r\nЭто разнообразные оффлайн-активности, конкурсы и приятности от наших спонсоров!\r\nНевероятная атмосфера палаточного городка, где не важно, директор ты или одинокий разработчик - общайся на полную и обзаводись полезными знакомствами!	https://gamedevweekend.ru/	events/image/1.png	Шоукейс\r\nДля инди-разработчиков это отличная возможность продемонстрировать свой проект, получить обратную связь или даже найти нового члена в команду!\r\nЛекционная часть\r\nТебя ждет трек докладов от приглашенных спикеров и трек с открытыми дискуссиями\r\nНетворкинг зона\r\nПоляна с шатрами спонсоров и партнёров, где можно общаться, отдыхать и с пользой проводить время!\r\nСтенд вакансий\r\nМесто встречи соискателей и работодателей на конференции\r\nВечеринка\r\nСамая огненная вечеринка в конце первого дня с живой музыкой, фаер-шоу и песнями у костра.	Gamedev Events Network	Индикатор Онлайн | Твой друг в геймдеве, Манжеты нейм-дизайнераОтечественные инди игры. В Разработке, INDIE SPACE – площадка инди-разработчиков,	Парк отдыха "Зеленый остров" Новосибирская обл., г.Бердск, микр. Зеленый остров, 9/1	3000.00	2023-06-09 12:22:16.195485+00	1	21	2023-08-12 09:00:00+00	2023-08-13 20:00:00+00	
10	Навигация и связь в особых условиях	Вторая Специализированная выставка «Навигация и связь в особых условиях» продолжит ознакомление заказывающих подразделений государственных органов и отраслевых организаций с оборудованием и технологиями российских производителей по направлениям:\r\n\r\nсистемы и оборудование спутниковой связи\r\nсистемы и средства радиосвязи\r\nэлектропитание средств связи и коммуникации\r\nсредства, системы навигации\r\nсредства топографии и геолокации\r\nсистемы ограничения и усиления беспроводного сигнала\r\nсистемы мониторинга местности\r\nсредства связи и навигационное оборудование для аэропортов и самолетов.\r\nК участию в работе Выставки приглашаются руководители и специалисты Комитета Совета Федерации по обороне и безопасности, Комитета Государственной Думы по информационной политике, информационным технологиям и связи, ГУС ВС РФ, профильных подразделений Минобороны России, МВД России, МЧС России, Росгвардии, Минцифры России, Роскомнадз	https://navicomexpo.ru/	events/image/index-first-block.png	Конференция «Развитие научно-технологического конкурентного задела в области создания систем управления и связи, технологий искусственного интеллекта и роботостроения»\r\n\r\nВопросы для обсуждения:\r\n\r\n- Применения искусственного интеллекта в современных системах управления и связи\r\n- Использование машинного обучения для повышения эффективности и качества управления и связи\r\n- Развитие нейросетевых технологий в контексте управления и связи системами\r\n- Развитие конструкций и материалов для более эффективных систем управления и связи\r\n- Современные технологии производства и конструкции для создания легких и прочных оболочек из композитных материалов в системах управления и связи\r\n- Разработка высокопроизводительных компьютерных систем для управления и связи с использованием параллельной обработки данных\r\n- Исследование новых материалов для эффективной теплоотдачи и уменьшения нагрева в системах управления и связи\r\n- Применение нанотехнологий и специальных материалов для улучшения качества связи на больших расстояниях\r\n- Технологии управления энергопотреблением и мониторинга окружающей среды для повышения экологической эффективности систем управления и связи\r\n- Примеры применения конкретных технологий и материалов, а также их преимуществ и ограничений в контексте систем управления и связи\r\n- Проблемы патентования и лицензирования технологий в области робототехники и искусственного интеллекта\r\n- Преимущества и ограничения использования открытых исходных кодов в разработке робототехнических систем\r\n- Приватность и безопасность данных в системах управления и связи, искусственном интеллекте и робототехнике\r\n- Использование робототехнических систем в промышленности: современное состояние и перспективы развития\r\n- Смарт-фабрики: как автоматизация и роботизация производства меняют промышленность\r\n- Технологии 3D-печати в роботостроении: возможности и ограничения\r\n- Искусственный интеллект как необходимость для сетей связи пятого и последующих поколений\r\n- Автоматизированные системы мониторинга для организации каналов связи при ЧС\r\n- Системы сбора, обработки и анализа данных, искусственного интеллекта и видеоизображений\r\n- Системы дополненной и виртуальной реальности\r\n- Решения для реализации человеко-машинного интерфейса\r\n- Опыт технологических лидеров и их роль в формировании новых технологических стандартов и норм\r\n\r\nК участию с выступлениями приглашаются представители Комитета Государственной Думы по информационной политике, информационным технологиям и связи, Минцифры России, МЧС России, ГК «Роскосмос», ПАО «Ростелеком», профильные министерства субъектов Российской Федерации, отраслевые организации.\r\n\r\nК участию с презентациями приглашаются производители и поставщики услуг - участники выставки	Объединение выставочных компаний «БИЗОН»	Интерполитекс		0.00	2023-06-09 17:11:43.506394+00	1	1	2023-06-29 10:00:00+00	2023-06-30 18:00:00+00	
\.


--
-- Data for Name: events_event_format; Type: TABLE DATA; Schema: public; Owner: postgres
--

COPY public.events_event_format (id, event_id, format_id) FROM stdin;
1	1	2
3	3	1
4	4	2
6	6	2
7	7	2
8	8	2
9	9	1
10	9	2
11	10	2
12	11	1
13	12	1
14	13	1
15	14	1
16	15	1
17	16	2
18	17	2
19	18	2
20	19	2
21	20	2
22	21	2
23	22	1
24	23	2
25	24	2
26	25	2
27	26	2
28	27	2
29	28	1
30	29	1
31	30	2
32	31	1
33	31	2
34	32	2
35	33	2
36	34	2
37	35	1
38	36	1
39	37	2
40	38	2
41	39	2
\.


--
-- Data for Name: events_event_tags; Type: TABLE DATA; Schema: public; Owner: postgres
--

COPY public.events_event_tags (id, event_id, tags_id) FROM stdin;
1	1	5
2	1	20
3	1	21
9	3	3
10	3	12
11	4	3
12	4	12
14	6	24
15	6	25
16	6	22
17	6	23
18	7	1
19	7	2
20	7	19
21	8	1
22	9	16
23	9	1
24	9	15
25	10	9
27	10	26
28	10	27
29	11	1
30	11	3
31	12	29
32	13	31
33	14	33
34	15	31
35	16	32
36	16	8
37	16	28
38	16	30
39	17	27
40	18	34
41	19	35
42	19	36
43	19	37
44	20	38
45	21	39
46	22	33
47	23	40
48	23	41
49	23	29
50	24	42
51	24	43
52	24	44
53	24	21
54	25	45
55	26	48
56	26	46
57	26	47
58	27	1
59	27	2
60	27	36
61	27	5
62	27	6
63	27	7
64	27	8
65	27	43
66	27	13
67	27	14
68	27	15
69	27	17
70	27	19
71	27	20
72	27	21
73	27	25
74	27	30
75	27	31
76	28	8
77	28	1
78	28	19
79	28	7
80	29	1
81	29	36
82	29	37
83	29	7
84	29	8
85	29	13
86	29	16
87	29	19
88	29	30
89	30	33
90	30	35
91	30	37
92	30	39
93	30	45
94	30	31
95	31	32
96	31	33
97	31	35
98	31	36
99	31	37
100	31	45
101	32	2
102	32	44
103	32	37
104	33	1
105	33	4
106	33	7
107	34	12
108	35	3
109	36	49
110	37	50
111	38	29
112	39	32
113	39	2
\.


--
-- Data for Name: events_event_topic; Type: TABLE DATA; Schema: public; Owner: postgres
--

COPY public.events_event_topic (id, event_id, topic_id) FROM stdin;
2	38	35
3	39	35
4	37	30
5	36	17
6	35	10
7	29	3
8	32	21
9	32	7
10	30	6
11	28	2
12	27	16
13	27	10
14	27	15
15	31	8
16	1	10
17	3	20
18	4	10
19	4	15
20	6	4
21	7	13
22	8	2
23	8	15
24	9	21
25	10	21
26	10	15
27	14	12
28	11	40
29	11	10
30	13	26
31	13	12
32	12	5
33	15	25
34	16	14
35	23	6
36	23	23
37	18	36
\.


--
-- Data for Name: events_favourite; Type: TABLE DATA; Schema: public; Owner: postgres
--

COPY public.events_favourite (id, event_id, user_id) FROM stdin;
\.


--
-- Data for Name: events_format; Type: TABLE DATA; Schema: public; Owner: postgres
--

COPY public.events_format (id, name, slug) FROM stdin;
1	Online	online
2	Offline	offline
\.


--
-- Data for Name: events_tags; Type: TABLE DATA; Schema: public; Owner: postgres
--

COPY public.events_tags (id, name, slug) FROM stdin;
22	game-mechanics	game-mechanics
23	game-design	game-design
24	animation	animation
25	game-industry	game-industry
26	спутниковая связь	satellite
27	ит в транспорте	it_in_transport
1	Python	python
2	C++	c-plus-plus
3	Docker	docker
4	Redis	redis
5	SQL	sql
6	PostgreSQL	postgresql
7	React	react
8	JavaScript	javascript
9	FastAPI	fastapi
10	Pandas	pandas
11	Laravel	laravel
12	Kubernetes	kubernetes
13	C#	c-sharp
14	PHP	php
15	Go	go
16	Rust	rust
17	MySQL	mysql
18	Git	git
19	Java	java
20	NGINX	nginx
21	Linux	linux
28	FrontOps	frontops
29	AI	ai
30	Interface design	interfacedesign
31	Project Management	project-management
32	Architecture and patterns	architecturepatterns
33	Product	product
34	b2b	b2b
35	Data Processing	dataprocessing
36	DataOps	dataops
37	Data Management	datamanagement
38	b2c	b2c
39	Fintech	fintech
40	ML	ml
41	GPT	gpt
42	VPN	vpn
43	MeeGo	meego
44	Cybersecurity	cybersecurity
45	architecture of IT solutions	architectureitsolutions
46	XML	xml
47	1C	1c
48	EDO	edo
49	UX/UI	ux-ui
50	HR	hr
\.


--
-- Data for Name: events_topic; Type: TABLE DATA; Schema: public; Owner: postgres
--

COPY public.events_topic (id, name, slug) FROM stdin;
1	Software Development	software-development
2	Web Development	web-development
3	Mobile Development	mobile-development
4	Game Development	game-development
5	Artificial Intelligence and Machine Learning	artificial-intelligence-and-machine-learning
6	Big Data and Analytics	big-data-and-analytics
7	Cybersecurity	cybersecurity
8	Cloud and Virtualization	cloud-and-virtualization
9	Internet of Things (IoT)	internet-of-things-iot
10	DevOps	devops
11	Software Testing	software-testing
12	Project Management	project-management
13	Blockchain	blockchain
14	Frontend	frontend
15	Backend	backend
16	Data Science	data-science
17	UI/UX Design	uiux-design
18	Process Automation	process-automation
19	System Administration	system-administration
20	Virtual Reality (VR) and Augmented Reality (AR)	virtual-reality-vr-and-augmented-reality-ar
21	Machine learning	machine_learning
22	E-commerce	E-commerce
23	Big Data	big_data
24	Системное администрирование	system_administration
25	Управление проектами	project_management
26	Цифровизация бизнеса	digitization_of_business
27	Электронные платежи	electronic_payments
28	Центры обработки данных	data_centers
29	Инвестиции	investments
30	HR-процессы	hr_processes
31	B2B	2b2
32	B2C	b2c
33	Банки	banks
34	Информационная безопасность	information_security
35	Искусственный интеллект	artificial_intelligence
36	Нетворкинг	networking
37	Проектирование	design
38	Сетевые технологии	network_technologies
39	Телеком	telecom
40	Экономика	economy
41	Электронный документооборот	electronic_document_management
\.


--
-- Data for Name: users_organisation; Type: TABLE DATA; Schema: public; Owner: postgres
--

COPY public.users_organisation (id, name, manager_id) FROM stdin;
1	Evropen	1
\.


--
-- Data for Name: users_user; Type: TABLE DATA; Schema: public; Owner: postgres
--

COPY public.users_user (id, password, last_login, is_superuser, username, first_name, last_name, email, is_staff, is_active, date_joined, role, profile_photo) FROM stdin;
3	pbkdf2_sha256$390000$yB0b4Irl9zF4aNnz0PP6Ca$p+k42ia+ds09wpuTc5CHC1m3DWBnZiMDpot4N+Okfw0=	2023-06-14 09:33:19.749829+00	t	superuser2			user2@mail.com	t	t	2023-06-09 08:08:15.782521+00	user	
1	pbkdf2_sha256$390000$iy7Ipisp6rwOVgFzFIOFK7$K4GVYtSGbCUekMF9IZfr7ZFQF0ht4tDf8BPO17HTN80=	\N	f	test_user			test@email.ru	f	t	2023-05-31 18:13:14.229+00	user	
2	pbkdf2_sha256$390000$IexMiR4GiNR11zud96Xnkq$R8m/OYv0dUZjMJgIPOyNmHCrUD8vJqAWAPN9xILyU6Y=	2023-06-28 17:59:10.30904+00	t	superuser			admin@mail.com	t	t	2023-06-08 23:28:06.281022+00	user	
4	pbkdf2_sha256$390000$6sZ2XCAQ1ytDAdmCZxXFNr$jT7HigeL3JsnEXBgGAYF6O+6VutQd0KlAUUdYWNh0YY=	2023-06-10 06:37:40.981133+00	t	superuser3			user3@email.com	t	t	2023-06-09 08:08:49.786611+00	user	
\.


--
-- Data for Name: users_user_groups; Type: TABLE DATA; Schema: public; Owner: postgres
--

COPY public.users_user_groups (id, user_id, group_id) FROM stdin;
\.


--
-- Data for Name: users_user_user_permissions; Type: TABLE DATA; Schema: public; Owner: postgres
--

COPY public.users_user_user_permissions (id, user_id, permission_id) FROM stdin;
\.


--
-- Name: auth_group_id_seq; Type: SEQUENCE SET; Schema: public; Owner: postgres
--

SELECT pg_catalog.setval('public.auth_group_id_seq', 1, false);


--
-- Name: auth_group_permissions_id_seq; Type: SEQUENCE SET; Schema: public; Owner: postgres
--

SELECT pg_catalog.setval('public.auth_group_permissions_id_seq', 1, false);


--
-- Name: auth_permission_id_seq; Type: SEQUENCE SET; Schema: public; Owner: postgres
--

SELECT pg_catalog.setval('public.auth_permission_id_seq', 60, true);


--
-- Name: django_admin_log_id_seq; Type: SEQUENCE SET; Schema: public; Owner: postgres
--

SELECT pg_catalog.setval('public.django_admin_log_id_seq', 135, true);


--
-- Name: django_content_type_id_seq; Type: SEQUENCE SET; Schema: public; Owner: postgres
--

SELECT pg_catalog.setval('public.django_content_type_id_seq', 15, true);


--
-- Name: django_migrations_id_seq; Type: SEQUENCE SET; Schema: public; Owner: postgres
--

SELECT pg_catalog.setval('public.django_migrations_id_seq', 37, true);


--
-- Name: events_city_id_seq; Type: SEQUENCE SET; Schema: public; Owner: postgres
--

SELECT pg_catalog.setval('public.events_city_id_seq', 25, true);


--
-- Name: events_event_format_id_seq; Type: SEQUENCE SET; Schema: public; Owner: postgres
--

SELECT pg_catalog.setval('public.events_event_format_id_seq', 43, true);


--
-- Name: events_event_id_seq; Type: SEQUENCE SET; Schema: public; Owner: postgres
--

SELECT pg_catalog.setval('public.events_event_id_seq', 41, true);


--
-- Name: events_event_tags_id_seq; Type: SEQUENCE SET; Schema: public; Owner: postgres
--

SELECT pg_catalog.setval('public.events_event_tags_id_seq', 115, true);


--
-- Name: events_event_topic_id_seq; Type: SEQUENCE SET; Schema: public; Owner: postgres
--

SELECT pg_catalog.setval('public.events_event_topic_id_seq', 37, true);


--
-- Name: events_favourite_id_seq; Type: SEQUENCE SET; Schema: public; Owner: postgres
--

SELECT pg_catalog.setval('public.events_favourite_id_seq', 1, false);


--
-- Name: events_format_id_seq; Type: SEQUENCE SET; Schema: public; Owner: postgres
--

SELECT pg_catalog.setval('public.events_format_id_seq', 2, true);


--
-- Name: events_tags_id_seq; Type: SEQUENCE SET; Schema: public; Owner: postgres
--

SELECT pg_catalog.setval('public.events_tags_id_seq', 50, true);


--
-- Name: events_topic_id_seq; Type: SEQUENCE SET; Schema: public; Owner: postgres
--

SELECT pg_catalog.setval('public.events_topic_id_seq', 41, true);


--
-- Name: users_organisation_id_seq; Type: SEQUENCE SET; Schema: public; Owner: postgres
--

SELECT pg_catalog.setval('public.users_organisation_id_seq', 1, true);


--
-- Name: users_user_groups_id_seq; Type: SEQUENCE SET; Schema: public; Owner: postgres
--

SELECT pg_catalog.setval('public.users_user_groups_id_seq', 1, false);


--
-- Name: users_user_id_seq; Type: SEQUENCE SET; Schema: public; Owner: postgres
--

SELECT pg_catalog.setval('public.users_user_id_seq', 4, true);


--
-- Name: users_user_user_permissions_id_seq; Type: SEQUENCE SET; Schema: public; Owner: postgres
--

SELECT pg_catalog.setval('public.users_user_user_permissions_id_seq', 1, false);


--
-- Name: auth_group auth_group_name_key; Type: CONSTRAINT; Schema: public; Owner: postgres
--

ALTER TABLE ONLY public.auth_group
    ADD CONSTRAINT auth_group_name_key UNIQUE (name);


--
-- Name: auth_group_permissions auth_group_permissions_group_id_permission_id_0cd325b0_uniq; Type: CONSTRAINT; Schema: public; Owner: postgres
--

ALTER TABLE ONLY public.auth_group_permissions
    ADD CONSTRAINT auth_group_permissions_group_id_permission_id_0cd325b0_uniq UNIQUE (group_id, permission_id);


--
-- Name: auth_group_permissions auth_group_permissions_pkey; Type: CONSTRAINT; Schema: public; Owner: postgres
--

ALTER TABLE ONLY public.auth_group_permissions
    ADD CONSTRAINT auth_group_permissions_pkey PRIMARY KEY (id);


--
-- Name: auth_group auth_group_pkey; Type: CONSTRAINT; Schema: public; Owner: postgres
--

ALTER TABLE ONLY public.auth_group
    ADD CONSTRAINT auth_group_pkey PRIMARY KEY (id);


--
-- Name: auth_permission auth_permission_content_type_id_codename_01ab375a_uniq; Type: CONSTRAINT; Schema: public; Owner: postgres
--

ALTER TABLE ONLY public.auth_permission
    ADD CONSTRAINT auth_permission_content_type_id_codename_01ab375a_uniq UNIQUE (content_type_id, codename);


--
-- Name: auth_permission auth_permission_pkey; Type: CONSTRAINT; Schema: public; Owner: postgres
--

ALTER TABLE ONLY public.auth_permission
    ADD CONSTRAINT auth_permission_pkey PRIMARY KEY (id);


--
-- Name: authtoken_token authtoken_token_pkey; Type: CONSTRAINT; Schema: public; Owner: postgres
--

ALTER TABLE ONLY public.authtoken_token
    ADD CONSTRAINT authtoken_token_pkey PRIMARY KEY (key);


--
-- Name: authtoken_token authtoken_token_user_id_key; Type: CONSTRAINT; Schema: public; Owner: postgres
--

ALTER TABLE ONLY public.authtoken_token
    ADD CONSTRAINT authtoken_token_user_id_key UNIQUE (user_id);


--
-- Name: django_admin_log django_admin_log_pkey; Type: CONSTRAINT; Schema: public; Owner: postgres
--

ALTER TABLE ONLY public.django_admin_log
    ADD CONSTRAINT django_admin_log_pkey PRIMARY KEY (id);


--
-- Name: django_content_type django_content_type_app_label_model_76bd3d3b_uniq; Type: CONSTRAINT; Schema: public; Owner: postgres
--

ALTER TABLE ONLY public.django_content_type
    ADD CONSTRAINT django_content_type_app_label_model_76bd3d3b_uniq UNIQUE (app_label, model);


--
-- Name: django_content_type django_content_type_pkey; Type: CONSTRAINT; Schema: public; Owner: postgres
--

ALTER TABLE ONLY public.django_content_type
    ADD CONSTRAINT django_content_type_pkey PRIMARY KEY (id);


--
-- Name: django_migrations django_migrations_pkey; Type: CONSTRAINT; Schema: public; Owner: postgres
--

ALTER TABLE ONLY public.django_migrations
    ADD CONSTRAINT django_migrations_pkey PRIMARY KEY (id);


--
-- Name: django_session django_session_pkey; Type: CONSTRAINT; Schema: public; Owner: postgres
--

ALTER TABLE ONLY public.django_session
    ADD CONSTRAINT django_session_pkey PRIMARY KEY (session_key);


--
-- Name: events_city events_city_name_key; Type: CONSTRAINT; Schema: public; Owner: postgres
--

ALTER TABLE ONLY public.events_city
    ADD CONSTRAINT events_city_name_key UNIQUE (name);


--
-- Name: events_city events_city_pkey; Type: CONSTRAINT; Schema: public; Owner: postgres
--

ALTER TABLE ONLY public.events_city
    ADD CONSTRAINT events_city_pkey PRIMARY KEY (id);


--
-- Name: events_event_format events_event_format_event_id_format_id_2a681679_uniq; Type: CONSTRAINT; Schema: public; Owner: postgres
--

ALTER TABLE ONLY public.events_event_format
    ADD CONSTRAINT events_event_format_event_id_format_id_2a681679_uniq UNIQUE (event_id, format_id);


--
-- Name: events_event_format events_event_format_pkey; Type: CONSTRAINT; Schema: public; Owner: postgres
--

ALTER TABLE ONLY public.events_event_format
    ADD CONSTRAINT events_event_format_pkey PRIMARY KEY (id);


--
-- Name: events_event events_event_pkey; Type: CONSTRAINT; Schema: public; Owner: postgres
--

ALTER TABLE ONLY public.events_event
    ADD CONSTRAINT events_event_pkey PRIMARY KEY (id);


--
-- Name: events_event_tags events_event_tags_event_id_tags_id_e92d8117_uniq; Type: CONSTRAINT; Schema: public; Owner: postgres
--

ALTER TABLE ONLY public.events_event_tags
    ADD CONSTRAINT events_event_tags_event_id_tags_id_e92d8117_uniq UNIQUE (event_id, tags_id);


--
-- Name: events_event_tags events_event_tags_pkey; Type: CONSTRAINT; Schema: public; Owner: postgres
--

ALTER TABLE ONLY public.events_event_tags
    ADD CONSTRAINT events_event_tags_pkey PRIMARY KEY (id);


--
-- Name: events_event_topic events_event_topic_event_id_topic_id_8005422e_uniq; Type: CONSTRAINT; Schema: public; Owner: postgres
--

ALTER TABLE ONLY public.events_event_topic
    ADD CONSTRAINT events_event_topic_event_id_topic_id_8005422e_uniq UNIQUE (event_id, topic_id);


--
-- Name: events_event_topic events_event_topic_pkey; Type: CONSTRAINT; Schema: public; Owner: postgres
--

ALTER TABLE ONLY public.events_event_topic
    ADD CONSTRAINT events_event_topic_pkey PRIMARY KEY (id);


--
-- Name: events_event events_event_url_key; Type: CONSTRAINT; Schema: public; Owner: postgres
--

ALTER TABLE ONLY public.events_event
    ADD CONSTRAINT events_event_url_key UNIQUE (url);


--
-- Name: events_favourite events_favourite_pkey; Type: CONSTRAINT; Schema: public; Owner: postgres
--

ALTER TABLE ONLY public.events_favourite
    ADD CONSTRAINT events_favourite_pkey PRIMARY KEY (id);


--
-- Name: events_format events_format_name_key; Type: CONSTRAINT; Schema: public; Owner: postgres
--

ALTER TABLE ONLY public.events_format
    ADD CONSTRAINT events_format_name_key UNIQUE (name);


--
-- Name: events_format events_format_pkey; Type: CONSTRAINT; Schema: public; Owner: postgres
--

ALTER TABLE ONLY public.events_format
    ADD CONSTRAINT events_format_pkey PRIMARY KEY (id);


--
-- Name: events_format events_format_slug_key; Type: CONSTRAINT; Schema: public; Owner: postgres
--

ALTER TABLE ONLY public.events_format
    ADD CONSTRAINT events_format_slug_key UNIQUE (slug);


--
-- Name: events_tags events_tags_pkey; Type: CONSTRAINT; Schema: public; Owner: postgres
--

ALTER TABLE ONLY public.events_tags
    ADD CONSTRAINT events_tags_pkey PRIMARY KEY (id);


--
-- Name: events_tags events_tags_slug_key; Type: CONSTRAINT; Schema: public; Owner: postgres
--

ALTER TABLE ONLY public.events_tags
    ADD CONSTRAINT events_tags_slug_key UNIQUE (slug);


--
-- Name: events_topic events_topic_name_key; Type: CONSTRAINT; Schema: public; Owner: postgres
--

ALTER TABLE ONLY public.events_topic
    ADD CONSTRAINT events_topic_name_key UNIQUE (name);


--
-- Name: events_topic events_topic_pkey; Type: CONSTRAINT; Schema: public; Owner: postgres
--

ALTER TABLE ONLY public.events_topic
    ADD CONSTRAINT events_topic_pkey PRIMARY KEY (id);


--
-- Name: events_topic events_topic_slug_key; Type: CONSTRAINT; Schema: public; Owner: postgres
--

ALTER TABLE ONLY public.events_topic
    ADD CONSTRAINT events_topic_slug_key UNIQUE (slug);


--
-- Name: users_organisation users_organisation_manager_id_key; Type: CONSTRAINT; Schema: public; Owner: postgres
--

ALTER TABLE ONLY public.users_organisation
    ADD CONSTRAINT users_organisation_manager_id_key UNIQUE (manager_id);


--
-- Name: users_organisation users_organisation_pkey; Type: CONSTRAINT; Schema: public; Owner: postgres
--

ALTER TABLE ONLY public.users_organisation
    ADD CONSTRAINT users_organisation_pkey PRIMARY KEY (id);


--
-- Name: users_user users_user_email_243f6e77_uniq; Type: CONSTRAINT; Schema: public; Owner: postgres
--

ALTER TABLE ONLY public.users_user
    ADD CONSTRAINT users_user_email_243f6e77_uniq UNIQUE (email);


--
-- Name: users_user_groups users_user_groups_pkey; Type: CONSTRAINT; Schema: public; Owner: postgres
--

ALTER TABLE ONLY public.users_user_groups
    ADD CONSTRAINT users_user_groups_pkey PRIMARY KEY (id);


--
-- Name: users_user_groups users_user_groups_user_id_group_id_b88eab82_uniq; Type: CONSTRAINT; Schema: public; Owner: postgres
--

ALTER TABLE ONLY public.users_user_groups
    ADD CONSTRAINT users_user_groups_user_id_group_id_b88eab82_uniq UNIQUE (user_id, group_id);


--
-- Name: users_user users_user_pkey; Type: CONSTRAINT; Schema: public; Owner: postgres
--

ALTER TABLE ONLY public.users_user
    ADD CONSTRAINT users_user_pkey PRIMARY KEY (id);


--
-- Name: users_user_user_permissions users_user_user_permissions_pkey; Type: CONSTRAINT; Schema: public; Owner: postgres
--

ALTER TABLE ONLY public.users_user_user_permissions
    ADD CONSTRAINT users_user_user_permissions_pkey PRIMARY KEY (id);


--
-- Name: users_user_user_permissions users_user_user_permissions_user_id_permission_id_43338c45_uniq; Type: CONSTRAINT; Schema: public; Owner: postgres
--

ALTER TABLE ONLY public.users_user_user_permissions
    ADD CONSTRAINT users_user_user_permissions_user_id_permission_id_43338c45_uniq UNIQUE (user_id, permission_id);


--
-- Name: users_user users_user_username_key; Type: CONSTRAINT; Schema: public; Owner: postgres
--

ALTER TABLE ONLY public.users_user
    ADD CONSTRAINT users_user_username_key UNIQUE (username);


--
-- Name: auth_group_name_a6ea08ec_like; Type: INDEX; Schema: public; Owner: postgres
--

CREATE INDEX auth_group_name_a6ea08ec_like ON public.auth_group USING btree (name varchar_pattern_ops);


--
-- Name: auth_group_permissions_group_id_b120cbf9; Type: INDEX; Schema: public; Owner: postgres
--

CREATE INDEX auth_group_permissions_group_id_b120cbf9 ON public.auth_group_permissions USING btree (group_id);


--
-- Name: auth_group_permissions_permission_id_84c5c92e; Type: INDEX; Schema: public; Owner: postgres
--

CREATE INDEX auth_group_permissions_permission_id_84c5c92e ON public.auth_group_permissions USING btree (permission_id);


--
-- Name: auth_permission_content_type_id_2f476e4b; Type: INDEX; Schema: public; Owner: postgres
--

CREATE INDEX auth_permission_content_type_id_2f476e4b ON public.auth_permission USING btree (content_type_id);


--
-- Name: authtoken_token_key_10f0b77e_like; Type: INDEX; Schema: public; Owner: postgres
--

CREATE INDEX authtoken_token_key_10f0b77e_like ON public.authtoken_token USING btree (key varchar_pattern_ops);


--
-- Name: django_admin_log_content_type_id_c4bce8eb; Type: INDEX; Schema: public; Owner: postgres
--

CREATE INDEX django_admin_log_content_type_id_c4bce8eb ON public.django_admin_log USING btree (content_type_id);


--
-- Name: django_admin_log_user_id_c564eba6; Type: INDEX; Schema: public; Owner: postgres
--

CREATE INDEX django_admin_log_user_id_c564eba6 ON public.django_admin_log USING btree (user_id);


--
-- Name: django_session_expire_date_a5c62663; Type: INDEX; Schema: public; Owner: postgres
--

CREATE INDEX django_session_expire_date_a5c62663 ON public.django_session USING btree (expire_date);


--
-- Name: django_session_session_key_c0390e0f_like; Type: INDEX; Schema: public; Owner: postgres
--

CREATE INDEX django_session_session_key_c0390e0f_like ON public.django_session USING btree (session_key varchar_pattern_ops);


--
-- Name: events_city_name_19d0dd30_like; Type: INDEX; Schema: public; Owner: postgres
--

CREATE INDEX events_city_name_19d0dd30_like ON public.events_city USING btree (name varchar_pattern_ops);


--
-- Name: events_event_author_id_417d5c68; Type: INDEX; Schema: public; Owner: postgres
--

CREATE INDEX events_event_author_id_417d5c68 ON public.events_event USING btree (author_id);


--
-- Name: events_event_city_id_3c8b63c9; Type: INDEX; Schema: public; Owner: postgres
--

CREATE INDEX events_event_city_id_3c8b63c9 ON public.events_event USING btree (city_id);


--
-- Name: events_event_format_event_id_1acf0c0f; Type: INDEX; Schema: public; Owner: postgres
--

CREATE INDEX events_event_format_event_id_1acf0c0f ON public.events_event_format USING btree (event_id);


--
-- Name: events_event_format_format_id_efa4357d; Type: INDEX; Schema: public; Owner: postgres
--

CREATE INDEX events_event_format_format_id_efa4357d ON public.events_event_format USING btree (format_id);


--
-- Name: events_event_tags_event_id_dbac01f5; Type: INDEX; Schema: public; Owner: postgres
--

CREATE INDEX events_event_tags_event_id_dbac01f5 ON public.events_event_tags USING btree (event_id);


--
-- Name: events_event_tags_tags_id_f62549d1; Type: INDEX; Schema: public; Owner: postgres
--

CREATE INDEX events_event_tags_tags_id_f62549d1 ON public.events_event_tags USING btree (tags_id);


--
-- Name: events_event_title_99f8f6c8; Type: INDEX; Schema: public; Owner: postgres
--

CREATE INDEX events_event_title_99f8f6c8 ON public.events_event USING btree (title);


--
-- Name: events_event_title_99f8f6c8_like; Type: INDEX; Schema: public; Owner: postgres
--

CREATE INDEX events_event_title_99f8f6c8_like ON public.events_event USING btree (title varchar_pattern_ops);


--
-- Name: events_event_topic_event_id_f6674c0b; Type: INDEX; Schema: public; Owner: postgres
--

CREATE INDEX events_event_topic_event_id_f6674c0b ON public.events_event_topic USING btree (event_id);


--
-- Name: events_event_topic_topic_id_dc6b3a9f; Type: INDEX; Schema: public; Owner: postgres
--

CREATE INDEX events_event_topic_topic_id_dc6b3a9f ON public.events_event_topic USING btree (topic_id);


--
-- Name: events_event_url_32104e6c_like; Type: INDEX; Schema: public; Owner: postgres
--

CREATE INDEX events_event_url_32104e6c_like ON public.events_event USING btree (url varchar_pattern_ops);


--
-- Name: events_favourite_event_id_0e302421; Type: INDEX; Schema: public; Owner: postgres
--

CREATE INDEX events_favourite_event_id_0e302421 ON public.events_favourite USING btree (event_id);


--
-- Name: events_favourite_user_id_6882b3fa; Type: INDEX; Schema: public; Owner: postgres
--

CREATE INDEX events_favourite_user_id_6882b3fa ON public.events_favourite USING btree (user_id);


--
-- Name: events_format_name_4e0b58c2_like; Type: INDEX; Schema: public; Owner: postgres
--

CREATE INDEX events_format_name_4e0b58c2_like ON public.events_format USING btree (name varchar_pattern_ops);


--
-- Name: events_format_slug_46ddd9ee_like; Type: INDEX; Schema: public; Owner: postgres
--

CREATE INDEX events_format_slug_46ddd9ee_like ON public.events_format USING btree (slug varchar_pattern_ops);


--
-- Name: events_tags_slug_45eea323_like; Type: INDEX; Schema: public; Owner: postgres
--

CREATE INDEX events_tags_slug_45eea323_like ON public.events_tags USING btree (slug varchar_pattern_ops);


--
-- Name: events_topic_name_2fbcb903_like; Type: INDEX; Schema: public; Owner: postgres
--

CREATE INDEX events_topic_name_2fbcb903_like ON public.events_topic USING btree (name varchar_pattern_ops);


--
-- Name: events_topic_slug_7dc74cce_like; Type: INDEX; Schema: public; Owner: postgres
--

CREATE INDEX events_topic_slug_7dc74cce_like ON public.events_topic USING btree (slug varchar_pattern_ops);


--
-- Name: users_organisation_name_0c4ee40e; Type: INDEX; Schema: public; Owner: postgres
--

CREATE INDEX users_organisation_name_0c4ee40e ON public.users_organisation USING btree (name);


--
-- Name: users_organisation_name_0c4ee40e_like; Type: INDEX; Schema: public; Owner: postgres
--

CREATE INDEX users_organisation_name_0c4ee40e_like ON public.users_organisation USING btree (name varchar_pattern_ops);


--
-- Name: users_user_email_243f6e77_like; Type: INDEX; Schema: public; Owner: postgres
--

CREATE INDEX users_user_email_243f6e77_like ON public.users_user USING btree (email varchar_pattern_ops);


--
-- Name: users_user_groups_group_id_9afc8d0e; Type: INDEX; Schema: public; Owner: postgres
--

CREATE INDEX users_user_groups_group_id_9afc8d0e ON public.users_user_groups USING btree (group_id);


--
-- Name: users_user_groups_user_id_5f6f5a90; Type: INDEX; Schema: public; Owner: postgres
--

CREATE INDEX users_user_groups_user_id_5f6f5a90 ON public.users_user_groups USING btree (user_id);


--
-- Name: users_user_user_permissions_permission_id_0b93982e; Type: INDEX; Schema: public; Owner: postgres
--

CREATE INDEX users_user_user_permissions_permission_id_0b93982e ON public.users_user_user_permissions USING btree (permission_id);


--
-- Name: users_user_user_permissions_user_id_20aca447; Type: INDEX; Schema: public; Owner: postgres
--

CREATE INDEX users_user_user_permissions_user_id_20aca447 ON public.users_user_user_permissions USING btree (user_id);


--
-- Name: users_user_username_06e46fe6_like; Type: INDEX; Schema: public; Owner: postgres
--

CREATE INDEX users_user_username_06e46fe6_like ON public.users_user USING btree (username varchar_pattern_ops);


--
-- Name: auth_group_permissions auth_group_permissio_permission_id_84c5c92e_fk_auth_perm; Type: FK CONSTRAINT; Schema: public; Owner: postgres
--

ALTER TABLE ONLY public.auth_group_permissions
    ADD CONSTRAINT auth_group_permissio_permission_id_84c5c92e_fk_auth_perm FOREIGN KEY (permission_id) REFERENCES public.auth_permission(id) DEFERRABLE INITIALLY DEFERRED;


--
-- Name: auth_group_permissions auth_group_permissions_group_id_b120cbf9_fk_auth_group_id; Type: FK CONSTRAINT; Schema: public; Owner: postgres
--

ALTER TABLE ONLY public.auth_group_permissions
    ADD CONSTRAINT auth_group_permissions_group_id_b120cbf9_fk_auth_group_id FOREIGN KEY (group_id) REFERENCES public.auth_group(id) DEFERRABLE INITIALLY DEFERRED;


--
-- Name: auth_permission auth_permission_content_type_id_2f476e4b_fk_django_co; Type: FK CONSTRAINT; Schema: public; Owner: postgres
--

ALTER TABLE ONLY public.auth_permission
    ADD CONSTRAINT auth_permission_content_type_id_2f476e4b_fk_django_co FOREIGN KEY (content_type_id) REFERENCES public.django_content_type(id) DEFERRABLE INITIALLY DEFERRED;


--
-- Name: authtoken_token authtoken_token_user_id_35299eff_fk_users_user_id; Type: FK CONSTRAINT; Schema: public; Owner: postgres
--

ALTER TABLE ONLY public.authtoken_token
    ADD CONSTRAINT authtoken_token_user_id_35299eff_fk_users_user_id FOREIGN KEY (user_id) REFERENCES public.users_user(id) DEFERRABLE INITIALLY DEFERRED;


--
-- Name: django_admin_log django_admin_log_content_type_id_c4bce8eb_fk_django_co; Type: FK CONSTRAINT; Schema: public; Owner: postgres
--

ALTER TABLE ONLY public.django_admin_log
    ADD CONSTRAINT django_admin_log_content_type_id_c4bce8eb_fk_django_co FOREIGN KEY (content_type_id) REFERENCES public.django_content_type(id) DEFERRABLE INITIALLY DEFERRED;


--
-- Name: django_admin_log django_admin_log_user_id_c564eba6_fk_users_user_id; Type: FK CONSTRAINT; Schema: public; Owner: postgres
--

ALTER TABLE ONLY public.django_admin_log
    ADD CONSTRAINT django_admin_log_user_id_c564eba6_fk_users_user_id FOREIGN KEY (user_id) REFERENCES public.users_user(id) DEFERRABLE INITIALLY DEFERRED;


--
-- Name: events_event events_event_author_id_417d5c68_fk_users_user_id; Type: FK CONSTRAINT; Schema: public; Owner: postgres
--

ALTER TABLE ONLY public.events_event
    ADD CONSTRAINT events_event_author_id_417d5c68_fk_users_user_id FOREIGN KEY (author_id) REFERENCES public.users_user(id) DEFERRABLE INITIALLY DEFERRED;


--
-- Name: events_event events_event_city_id_3c8b63c9_fk_events_city_id; Type: FK CONSTRAINT; Schema: public; Owner: postgres
--

ALTER TABLE ONLY public.events_event
    ADD CONSTRAINT events_event_city_id_3c8b63c9_fk_events_city_id FOREIGN KEY (city_id) REFERENCES public.events_city(id) DEFERRABLE INITIALLY DEFERRED;


--
-- Name: events_event_format events_event_format_event_id_1acf0c0f_fk_events_event_id; Type: FK CONSTRAINT; Schema: public; Owner: postgres
--

ALTER TABLE ONLY public.events_event_format
    ADD CONSTRAINT events_event_format_event_id_1acf0c0f_fk_events_event_id FOREIGN KEY (event_id) REFERENCES public.events_event(id) DEFERRABLE INITIALLY DEFERRED;


--
-- Name: events_event_format events_event_format_format_id_efa4357d_fk_events_format_id; Type: FK CONSTRAINT; Schema: public; Owner: postgres
--

ALTER TABLE ONLY public.events_event_format
    ADD CONSTRAINT events_event_format_format_id_efa4357d_fk_events_format_id FOREIGN KEY (format_id) REFERENCES public.events_format(id) DEFERRABLE INITIALLY DEFERRED;


--
-- Name: events_event_tags events_event_tags_event_id_dbac01f5_fk_events_event_id; Type: FK CONSTRAINT; Schema: public; Owner: postgres
--

ALTER TABLE ONLY public.events_event_tags
    ADD CONSTRAINT events_event_tags_event_id_dbac01f5_fk_events_event_id FOREIGN KEY (event_id) REFERENCES public.events_event(id) DEFERRABLE INITIALLY DEFERRED;


--
-- Name: events_event_tags events_event_tags_tags_id_f62549d1_fk_events_tags_id; Type: FK CONSTRAINT; Schema: public; Owner: postgres
--

ALTER TABLE ONLY public.events_event_tags
    ADD CONSTRAINT events_event_tags_tags_id_f62549d1_fk_events_tags_id FOREIGN KEY (tags_id) REFERENCES public.events_tags(id) DEFERRABLE INITIALLY DEFERRED;


--
-- Name: events_event_topic events_event_topic_event_id_f6674c0b_fk_events_event_id; Type: FK CONSTRAINT; Schema: public; Owner: postgres
--

ALTER TABLE ONLY public.events_event_topic
    ADD CONSTRAINT events_event_topic_event_id_f6674c0b_fk_events_event_id FOREIGN KEY (event_id) REFERENCES public.events_event(id) DEFERRABLE INITIALLY DEFERRED;


--
-- Name: events_event_topic events_event_topic_topic_id_dc6b3a9f_fk_events_topic_id; Type: FK CONSTRAINT; Schema: public; Owner: postgres
--

ALTER TABLE ONLY public.events_event_topic
    ADD CONSTRAINT events_event_topic_topic_id_dc6b3a9f_fk_events_topic_id FOREIGN KEY (topic_id) REFERENCES public.events_topic(id) DEFERRABLE INITIALLY DEFERRED;


--
-- Name: events_favourite events_favourite_event_id_0e302421_fk_events_event_id; Type: FK CONSTRAINT; Schema: public; Owner: postgres
--

ALTER TABLE ONLY public.events_favourite
    ADD CONSTRAINT events_favourite_event_id_0e302421_fk_events_event_id FOREIGN KEY (event_id) REFERENCES public.events_event(id) DEFERRABLE INITIALLY DEFERRED;


--
-- Name: events_favourite events_favourite_user_id_6882b3fa_fk_users_user_id; Type: FK CONSTRAINT; Schema: public; Owner: postgres
--

ALTER TABLE ONLY public.events_favourite
    ADD CONSTRAINT events_favourite_user_id_6882b3fa_fk_users_user_id FOREIGN KEY (user_id) REFERENCES public.users_user(id) DEFERRABLE INITIALLY DEFERRED;


--
-- Name: users_organisation users_organisation_manager_id_6b96785f_fk_users_user_id; Type: FK CONSTRAINT; Schema: public; Owner: postgres
--

ALTER TABLE ONLY public.users_organisation
    ADD CONSTRAINT users_organisation_manager_id_6b96785f_fk_users_user_id FOREIGN KEY (manager_id) REFERENCES public.users_user(id) DEFERRABLE INITIALLY DEFERRED;


--
-- Name: users_user_groups users_user_groups_group_id_9afc8d0e_fk_auth_group_id; Type: FK CONSTRAINT; Schema: public; Owner: postgres
--

ALTER TABLE ONLY public.users_user_groups
    ADD CONSTRAINT users_user_groups_group_id_9afc8d0e_fk_auth_group_id FOREIGN KEY (group_id) REFERENCES public.auth_group(id) DEFERRABLE INITIALLY DEFERRED;


--
-- Name: users_user_groups users_user_groups_user_id_5f6f5a90_fk_users_user_id; Type: FK CONSTRAINT; Schema: public; Owner: postgres
--

ALTER TABLE ONLY public.users_user_groups
    ADD CONSTRAINT users_user_groups_user_id_5f6f5a90_fk_users_user_id FOREIGN KEY (user_id) REFERENCES public.users_user(id) DEFERRABLE INITIALLY DEFERRED;


--
-- Name: users_user_user_permissions users_user_user_perm_permission_id_0b93982e_fk_auth_perm; Type: FK CONSTRAINT; Schema: public; Owner: postgres
--

ALTER TABLE ONLY public.users_user_user_permissions
    ADD CONSTRAINT users_user_user_perm_permission_id_0b93982e_fk_auth_perm FOREIGN KEY (permission_id) REFERENCES public.auth_permission(id) DEFERRABLE INITIALLY DEFERRED;


--
-- Name: users_user_user_permissions users_user_user_permissions_user_id_20aca447_fk_users_user_id; Type: FK CONSTRAINT; Schema: public; Owner: postgres
--

ALTER TABLE ONLY public.users_user_user_permissions
    ADD CONSTRAINT users_user_user_permissions_user_id_20aca447_fk_users_user_id FOREIGN KEY (user_id) REFERENCES public.users_user(id) DEFERRABLE INITIALLY DEFERRED;


--
-- PostgreSQL database dump complete
--

--
-- PostgreSQL database cluster dump complete
--

